c4ca4238a0b923820dcc509a6f75849b	no	0.998309851
c81e728d9d4c2f636f067f89cc14862c	yes	0.999135077
eccbc87e4b5ce2fe28308fd9f2a7baf3	yes	0.950292289
a87ff679a2f3e71d9181a67b7542122c	no	0.998603046
e4da3b7fbbce2345d7772b0674a318d5	yes	0.998942912
1679091c5a880faf6fb5e6087eb1b2dc	no	0.998595893
8f14e45fceea167a5a36dedd4bea2543	no	0.833096623
c9f0f895fb98ab9159f51fd0297e236d	no	0.995783865
45c48cce2e2d7fbdea1afc51c7c6ad26	yes	0.998917
d3d9446802a44259755d38e6d163e820	yes	0.757055938
6512bd43d9caa6e02c990b0a82652dca	no	0.997972548
c20ad4d76fe97759aa27a0c99bff6710	no	0.998416185
c51ce410c124a10e0db5e4b97fc2af39	no	0.998628
aab3238922bcc25a6f606eb525ffdc56	no	0.996174932
9bf31c7ff062936a96d3c8bd1f8f2ff3	no	0.961631
c74d97b01eae257e44aa9d5bade97baf	no	0.940726757
70efdf2ec9b086079795c442636b55fb	no	0.777812064
6f4922f45568161a8cdf4ad2299f6d23	no	0.981871486
1f0e3dad99908345f7439f8ffabdffc4	no	0.997393
98f13708210194c475687be6106a3b84	no	0.985105276
3c59dc048e8850243be8079a5c74d079	no	0.997742653
b6d767d2f8ed5d21a44b0e5886680cb9	yes	0.977101505
37693cfc748049e45d87b8c7d8b9aacd	no	0.993142068
1ff1de774005f8da13f42943881c655f	no	0.514709532
8e296a067a37563370ded05f5a3bf3ec	no	0.988674343
4e732ced3463d06de0ca9a15b6153677	no	0.920084
02e74f10e0327ad868d138f2b4fdd6f0	no	0.922419667
33e75ff09dd601bbe69f351039152189	no	0.986877084
6ea9ab1baa0efb9e19094440c317e21b	no	0.998065174
34173cb38f07f89ddbebc2ac9128303f	no	0.991506875
c16a5320fa475530d9583c34fd356ef5	no	0.98852843
6364d3f0f495b6ab9dcf8d3b5c6e0b01	no	0.998625398
182be0c5cdcd5072bb1864cdee4d3d6e	no	0.990913033
e369853df766fa44e1ed0ff613f563bd	no	0.989468634
1c383cd30b7c298ab50293adfecb7b18	no	0.998485863
19ca14e7ea6328a42e0eb13d585e4c22	no	0.996044159
a5bfc9e07964f8dddeb95fc584cd965d	no	0.522296
a5771bce93e200c36f7cd9dfd0e5deaa	no	0.981767118
d67d8ab4f4c10bf22aa353e27879133c	no	0.998564303
d645920e395fedad7bbbed0eca3fe2e0	no	0.99852705
3416a75f4cea9109507cacd8e2f2aefc	no	0.998696387
a1d0c6e83f027327d8461063f4ac58a6	no	0.988784432
17e62166fc8586dfa4d1bc0e1742c08b	no	0.998540282
f7177163c833dff4b38fc8d2872f1ec6	no	0.998618484
6c8349cc7260ae62e3b1396831a8398f	no	0.919557571
d9d4f495e875a2e075a1a4a6e1b9770f	no	0.998544693
67c6a1e7ce56d3d6fa748ab6d9af3fd7	no	0.996699035
642e92efb79421734881b53e1e1b18b6	yes	0.997958183
f457c545a9ded88f18ecee47145a72c0	no	0.954339921
c0c7c76d30bd3dcaefc96f40275bdc0a	no	0.998470247
2838023a778dfaecdc212708f721b788	no	0.98733753
9a1158154dfa42caddbd0694a4e9bdc8	no	0.998607695
d82c8d1619ad8176d665453cfb2e55f0	no	0.94436872
a684eceee76fc522773286a895bc8436	no	0.998694122
b53b3a3d6ab90ce0268229151c9bde11	no	0.984346628
9f61408e3afb633e50cdf1b20de6f466	no	0.998686612
72b32a1f754ba1c09b3695e0cb6cde7f	no	0.998567581
66f041e16a60928b05a7e228a89c3799	yes	0.999145389
093f65e080a295f8076b1c5722a46aa2	no	0.99563688
072b030ba126b2f4b2374f342be9ed44	no	0.821022749
7f39f8317fbdb1988ef4c628eba02591	yes	0.996520042
44f683a84163b3523afe57c2e008bc8c	no	0.998651087
03afdbd66e7929b125f8597834fa83a4	no	0.998052835
ea5d2f1c4608232e07d3aa3d998e5135	yes	0.998226464
fc490ca45c00b1249bbe3554a4fdf6fb	no	0.803466856
3295c76acbf4caaed33c36b1b5fc2cb1	no	0.998536706
735b90b4568125ed6c3f678819b6e058	yes	0.963294804
a3f390d88e4c41f2747bfa2f1b5f87db	yes	0.999302387
14bfa6bb14875e45bba028a21ed38046	no	0.998434842
7cbbc409ec990f19c78c75bd1e06f215	yes	0.926794
e2c420d928d4bf8ce0ff2ec19b371514	no	0.998575091
32bb90e8976aab5298d5da10fe66f21d	no	0.881876886
d2ddea18f00665ce8623e36bd4e3c7c5	no	0.988233566
ad61ab143223efbc24c7d2583be69251	no	0.998241544
d09bf41544a3365a46c9077ebb5e35c3	no	0.974727392
fbd7939d674997cdb4692d34de8633c4	no	0.992731869
28dd2c7955ce926456240b2ff0100bde	yes	0.999210238
35f4a8d465e6e1edc05f3d8ab658c551	yes	0.99778384
d1fe173d08e959397adf34b1d77e88d7	no	0.998240113
f033ab37c30201f73f142449d037028d	no	0.998385429
43ec517d68b6edd3015b3edc9a11367b	no	0.998512328
9778d5d219c5080b9a6a17bef029331c	no	0.634741724
fe9fc289c3ff0af142b6d3bead98a923	no	0.998471558
68d30a9594728bc39aa24be94b319d21	no	0.980716646
3ef815416f775098fe977004015c6193	no	0.527785242
93db85ed909c13838ff95ccfa94cebd9	no	0.821525693
c7e1249ffc03eb9ded908c236bd1996d	no	0.998495
2a38a4a9316c49e5a833517c45d31070	no	0.998553
7647966b7343c29048673252e490f736	no	0.996249616
8613985ec49eb8f757ae6439e879bb2a	no	0.975444257
54229abfcfa5649e7003b83dd4755294	no	0.822337747
92cc227532d17e56e07902b254dfad10	no	0.998300254
98dce83da57b0395e163467c9dae521b	yes	0.514286816
f4b9ec30ad9f68f89b29639786cb62ef	no	0.997754872
812b4ba287f5ee0bc9d43bbf5bbe87fb	yes	0.997308731
26657d5ff9020d2abefe558796b99584	no	0.975202501
e2ef524fbf3d9fe611d5a8e90fefdc9c	no	0.998611927
ed3d2c21991e3bef5e069713af9fa6ca	no	0.998287737
ac627ab1ccbdb62ec96e702f07f6425b	no	0.998462558
f899139df5e1059396431415e770c6dd	no	0.990573704
38b3eff8baf56627478ec76a704e9b52	no	0.604861796
ec8956637a99787bd197eacd77acce5e	yes	0.992227197
6974ce5ac660610b44d9b9fed0ff9548	yes	0.996761501
c9e1074f5b3f9fc8ea15d152add07294	no	0.99846065
65b9eea6e1cc6bb9f0cd2a47751a186f	no	0.998680294
f0935e4cd5920aa6c7c996a5ee53a70f	no	0.998628855
a97da629b098b75c294dffdc3e463904	no	0.990614891
a3c65c2974270fd093ee8a9bf8ae7d0b	no	0.9986009
2723d092b63885e0d7c260cc007e8b9d	no	0.836545885
5f93f983524def3dca464469d2cf9f3e	no	0.611367226
698d51a19d8a121ce581499d7b701668	no	0.998694241
7f6ffaa6bb0b408017b62254211691b5	no	0.997621357
73278a4a86960eeb576a8fd4c9ec6997	no	0.998603404
5fd0b37cd7dbbb00f97ba6ce92bf5add	no	0.980468512
2b44928ae11fb9384c4cf38708677c48	no	0.997745693
c45147dee729311ef5b5c3003946c48f	yes	0.999098539
eb160de1de89d9058fcb0b968dbbbd68	no	0.992180109
5ef059938ba799aaa845e1c2e8a762bd	no	0.781631768
07e1cd7dca89a1678042477183b7ac3f	no	0.989573181
da4fb5c6e93e74d3df8527599fa62642	no	0.996827781
4c56ff4ce4aaf9573aa5dff913df997a	no	0.785575747
a0a080f42e6f13b3a2df133f073095dd	no	0.992646217
202cb962ac59075b964b07152d234b70	no	0.998480499
c8ffe9a587b126f152ed3d89a146b445	no	0.998327911
3def184ad8f4755ff269862ea77393dd	no	0.997108757
069059b7ef840f0c74a814ec9237b6ec	no	0.993599176
ec5decca5ed3d6b8079e2e7e7bacc9f2	no	0.997803628
76dc611d6ebaafc66cc0879c71b5db5c	no	0.998646915
d1f491a404d6854880943e5c3cd9ca25	no	0.99857378
9b8619251a19057cff70779273e95aa6	yes	0.879268169
1afa34a7f984eeabdbb0a7d494132ee5	no	0.998525918
65ded5353c5ee48d0b7d48c591b8f430	no	0.998642385
9fc3d7152ba9336a670e36d0ed79bc43	no	0.998593509
02522a2b2726fb0a03bb19f2d8d9524d	no	0.998706698
7f1de29e6da19d22b51c68001e7e0e54	no	0.994320393
42a0e188f5033bc65bf8d78622277c4e	no	0.998669
3988c7f88ebcb58c6ce932b957b6f332	no	0.998672843
013d407166ec4fa56eb1e1f8cbe183b9	no	0.990129173
e00da03b685a0dd18fb6a08af0923de0	no	0.998460412
1385974ed5904a438616ff7bdb3f7439	no	0.997944415
0f28b5d49b3020afeecd95b4009adf4c	no	0.998573303
a8baa56554f96369ab93e4f3bb068c22	no	0.988971889
903ce9225fca3e988c2af215d4e544d3	no	0.93784374
0a09c8844ba8f0936c20bd791130d6b6	yes	0.596384287
2b24d495052a8ce66358eb576b8912c8	no	0.994196057
a5e00132373a7031000fd987a3c9f87b	no	0.998723805
8d5e957f297893487bd98fa830fa6413	no	0.948955476
47d1e990583c9c67424d369f3414728e	no	0.984782517
f2217062e9a397a1dca429e7d70bc6ca	no	0.998571754
7ef605fc8dba5425d6965fbd4c8fbe1f	no	0.998561203
a8f15eda80c50adb0e71943adc8015cf	yes	0.960429788
37a749d808e46495a8da1e5352d03cae	no	0.99848938
b3e3e393c77e35a4a3f3cbd1e429b5dc	no	0.952586293
1d7f7abc18fcb43975065399b0d1e48e	no	0.790155709
2a79ea27c279e471f4d180b08d62b00a	no	0.998449206
1c9ac0159c94d8d0cbedc973445af2da	no	0.991333902
6c4b761a28b734fe93831e3fb400ce87	no	0.997938
06409663226af2f3114485aa4e0a23b4	yes	0.998975873
140f6969d5213fd0ece03148e62e461e	yes	0.508581221
b73ce398c39f506af761d2277d853a92	no	0.960007071
bd4c9ab730f5513206b999ec0d90d1fb	no	0.99862206
82aa4b0af34c2313a562076992e50aa3	no	0.991234362
0777d5c17d4066b82ab86dff8a46af6f	no	0.814934075
fa7cdfad1a5aaf8370ebeda47a1ff1c3	no	0.997671902
9766527f2b5d3e95d4a733fcfb77bd7e	no	0.997422218
7e7757b1e12abcb736ab9a754ffb617a	no	0.996910155
5878a7ab84fb43402106c575658472fa	no	0.998675883
006f52e9102a8d3be2fe5614f42ba989	no	0.572468042
3636638817772e42b59d74cff571fbb3	no	0.98946172
149e9677a5989fd342ae44213df68868	no	0.992162168
a4a042cf4fd6bfb47701cbc8a1653ada	no	0.931065917
1ff8a7b5dc7a7d1f0ed65aaa29c04b1e	no	0.998610139
f7e6c85504ce6e82442c770f7c8606f0	no	0.995346248
bf8229696f7a3bb4700cfddef19fa23f	no	0.998718619
82161242827b703e6acf9c726942a1e4	no	0.975111783
38af86134b65d0f10fe33d30dd76442e	no	0.984791517
96da2f590cd7246bbde0051047b0d6f7	no	0.99863869
8f85517967795eeef66c225f7883bdcb	no	0.998518646
8f53295a73878494e9bc8dd6c3c7104f	no	0.998532653
045117b0e0a11a242b9765e79cbf113f	no	0.982334614
fc221309746013ac554571fbd180e1c8	no	0.997658849
4c5bde74a8f110656874902f07378009	no	0.998551786
cedebb6e872f539bef8c3f919874e9d7	no	0.998613477
6cdd60ea0045eb7a6ec44c54d29ed402	no	0.997823596
eecca5b6365d9607ee5a9d336962c534	no	0.959390342
9872ed9fc22fc182d371c3e9ed316094	no	0.998555124
31fefc0e570cb3860f2a6d4b38c6490d	no	0.99864608
9dcb88e0137649590b755372b040afad	no	0.998405755
a2557a7b2e94197ff767970b67041697	yes	0.998640239
cfecdb276f634854f3ef915e2e980c31	no	0.998330653
0aa1883c6411f7873cb83dacb17b0afc	no	0.998066843
58a2fc6ed39fd083f55d4182bf88826d	no	0.980781674
bd686fd640be98efaae0091fa301e613	no	0.998566806
a597e50502f5ff68e3e25b9114205d4a	yes	0.99901247
0336dcbab05b9d5ad24f4333c7658a0e	no	0.988870263
084b6fbb10729ed4da8c3d3f5a3ae7c9	no	0.95087719
85d8ce590ad8981ca2c8286f79f59954	no	0.998515189
0e65972dce68dad4d52d063967f0a705	no	0.99853766
84d9ee44e457ddef7f2c4f25dc8fa865	no	0.812288404
3644a684f98ea8fe223c713b77189a77	no	0.847645819
757b505cfd34c64c85ca5b5690ee5293	yes	0.993285954
854d6fae5ee42911677c739ee1734486	no	0.771707833
e2c0be24560d78c5e599c2a9c9d0bbd2	no	0.998523057
274ad4786c3abca69fa097b85867d9a4	no	0.997112632
eae27d77ca20db309e056e3d2dcd7d69	no	0.998278499
7eabe3a1649ffa2b3ff8c02ebfd5659f	no	0.998598158
69adc1e107f7f7d035d7baf04342e1ca	no	0.998776138
091d584fced301b442654dd8c23b3fc9	no	0.977312207
b1d10e7bafa4421218a51b1e1f1b0ba2	no	0.998695314
6f3ef77ac0e3619e98159e9b6febf557	yes	0.658233106
eb163727917cbba1eea208541a643e74	no	0.998649776
1534b76d325a8f591b52d302e7181331	yes	0.875782371
979d472a84804b9f647bc185a877a8b5	yes	0.997182965
ca46c1b9512a7a8315fa3c5a946e8265	no	0.998549044
3b8a614226a953a8cd9526fca6fe9ba5	yes	0.999186933
45fbc6d3e05ebd93369ce542e8f2322d	no	0.998016953
63dc7ed1010d3c3b8269faf0ba7491d4	no	0.996089339
e96ed478dab8595a7dbda4cbcbee168f	no	0.998589694
c0e190d8267e36708f955d7ab048990d	no	0.995030165
ec8ce6abb3e952a85b8551ba726a1227	no	0.997912228
060ad92489947d410d897474079c1477	no	0.998709917
bcbe3365e6ac95ea2c0343a2395834dd	yes	0.999205887
115f89503138416a242f40fb7d7f338e	no	0.990114927
13fe9d84310e77f13a6d184dbf1232f3	no	0.9987275
d1c38a09acc34845c6be3a127a5aacaf	no	0.752424836
9cfdf10e8fc047a44b08ed031e1f0ed1	yes	0.994155228
705f2172834666788607efbfca35afb3	no	0.998636305
74db120f0a8e5646ef5a30154e9f6deb	no	0.998245358
57aeee35c98205091e18d1140e9f38cf	no	0.998189628
6da9003b743b65f4c0ccd295cc484e57	yes	0.996448398
9b04d152845ec0a378394003c96da594	no	0.986339331
be83ab3ecd0db773eb2dc1b0a17836a1	no	0.99859339
e165421110ba03099a1c0393373c5b43	no	0.889125
289dff07669d7a23de0ef88d2f7129e7	no	0.998650372
577ef1154f3240ad5b9b413aa7346a1e	no	0.998564422
01161aaa0b6d1345dd8fe4e481144d84	no	0.998467
539fd53b59e3bb12d203f45a912eeaf2	no	0.98733145
ac1dd209cbcc5e5d1c6e28598e8cbbe8	no	0.590669811
555d6702c950ecb729a966504af0a635	no	0.998464823
335f5352088d7d9bf74191e006d8e24c	no	0.998561323
f340f1b1f65b6df5b5e3f94d95b11daf	no	0.937370598
e4a6222cdb5b34375400904f03d8e6a5	no	0.991812
cb70ab375662576bd1ac5aaf16b3fca4	no	0.997795939
9188905e74c28e489b44e954ec0b9bca	no	0.998674512
0266e33d3f546cb5436a10798e657d97	no	0.994895637
38db3aed920cf82ab059bfccbd02be6a	no	0.998616576
3cec07e9ba5f5bb252d13f5f431e4bbb	no	0.792477787
621bf66ddb7c962aa0d22ac97d69b793	no	0.976911366
077e29b11be80ab57e1a2ecabb7da330	no	0.935692847
6c9882bbac1c7093bd25041881277658	no	0.988630056
19f3cd308f1455b3fa09a282e0d496f4	yes	0.999329805
03c6b06952c750899bb03d998e631860	no	0.943069518
c24cd76e1ce41366a4bbe8a49b02a028	no	0.998683155
c52f1bd66cc19d05628bd8bf27af3ad6	no	0.998752594
fe131d7f5a6b38b23cc967316c13dae2	no	0.696556628
f718499c1c8cef6730f9fd03c8125cab	no	0.998521864
d96409bf894217686ba124d7356686c9	yes	0.999183953
502e4a16930e414107ee22b6198c578f	no	0.906182766
cfa0860e83a4c3a763a7e62d825349f7	no	0.988346279
a4f23670e1833f3fdb077ca70bbd5d66	no	0.777584374
b1a59b315fc9a3002ce38bbe070ec3f5	no	0.998480737
36660e59856b4de58a219bcf4e27eba3	no	0.992355227
8c19f571e251e61cb8dd3612f26d5ecf	no	0.998596966
d6baf65e0b240ce177cf70da146c8dc8	yes	0.572410107
e56954b4f6347e897f954495eab16a88	no	0.995933235
f7664060cc52bc6f3d620bcedc94a4b6	no	0.998678505
eda80a3d5b344bc40f3bc04f65b7a357	no	0.996540964
8f121ce07d74717e0b1f21d122e04521	no	0.98925668
06138bc5af6023646ede0e1f7c1eac75	no	0.997594416
39059724f73a9969845dfe4146c5660e	no	0.998019814
7f100b7b36092fb9b06dfb4fac360931	yes	0.998709083
7a614fd06c325499f1680b9896beedeb	no	0.994353533
4734ba6f3de83d861c3176a6273cac6d	no	0.99818784
d947bf06a885db0d477d707121934ff8	no	0.998687088
63923f49e5241343aa7acb6a06a751e7	no	0.995586634
db8e1af0cb3aca1ae2d0018624204529	yes	0.999265969
20f07591c6fcb220ffe637cda29bb3f6	yes	0.999307632
07cdfd23373b17c6b337251c22b7ea57	no	0.998539567
d395771085aab05244a4fb8fd91bf4ee	no	0.996833622
92c8c96e4c37100777c7190b76d28233	no	0.985173225
e3796ae838835da0b6f6ea37bcf8bcb7	no	0.998522818
6a9aeddfc689c1d0e3b9ccc3ab651bc5	yes	0.999064505
0f49c89d1e7298bb9930789c8ed59d48	no	0.986933053
46ba9f2a6976570b0353203ec4474217	no	0.998654
0e01938fc48a2cfb5f2217fbfb00722d	yes	0.999157667
16a5cdae362b8d27a1d8f8c7b78b4330	no	0.998490334
918317b57931b6b7a7d29490fe5ec9f9	no	0.781526864
48aedb8880cab8c45637abc7493ecddd	yes	0.709628046
839ab46820b524afda05122893c2fe8e	no	0.99864012
f90f2aca5c640289d0a29417bcb63a37	no	0.998703837
9c838d2e45b2ad1094d42f4ef36764f6	no	0.998253524
1700002963a49da13542e0726b7bb758	no	0.998503208
53c3bce66e43be4f209556518c2fcb54	no	0.807478249
6883966fd8f918a4aa29be29d2c386fb	no	0.99850595
49182f81e6a13cf5eaa496d51fea6406	no	0.563667178
d296c101daa88a51f6ca8cfc1ac79b50	no	0.987334251
9fd81843ad7f202f26c1a174c7357585	yes	0.999313116
26e359e83860db1d11b6acca57d8ea88	no	0.998523533
ef0d3930a7b6c95bd2b32ed45989c61f	no	0.995770395
94f6d7e04a4d452035300f18b984988c	no	0.998627782
34ed066df378efacc9b924ec161e7639	no	0.988514125
577bcc914f9e55d5e4e4f82f9f00e7d4	no	0.990725
11b9842e0a271ff252c1903e7132cd68	no	0.998639524
37bc2f75bf1bcfe8450a1a41c200364c	no	0.998442948
496e05e1aea0a9c4655800e8a7b9ea28	no	0.998543262
b2eb7349035754953b57a32e2841bda5	no	0.996339917
8e98d81f8217304975ccb23337bb5761	no	0.998148084
a8c88a0055f636e4a163a5e3d16adab7	no	0.991542
eddea82ad2755b24c4e168c5fc2ebd40	no	0.807661474
06eb61b839a0cefee4967c67ccb099dc	no	0.522147655
9dfcd5e558dfa04aaf37f137a1d9d3e5	no	0.821217418
950a4152c2b4aa3ad78bdd6b366cc179	no	0.705941796
158f3069a435b314a80bdcb024f8e422	no	0.996235073
758874998f5bd0c393da094e1967a72b	no	0.996544063
ad13a2a07ca4b7642959dc0c4c740ab6	no	0.998653889
3fe94a002317b5f9259f82690aeea4cd	no	0.998452306
5b8add2a5d98b1a652ea7fd72d942dac	no	0.998613834
432aca3a1e345e339f35a30c8f65edce	no	0.994666696
8d3bba7425e7c98c50f52ca1b52d3735	no	0.998667359
320722549d1751cf3f247855f937b982	no	0.996475279
caf1a3dfb505ffed0d024130f58c5cfa	no	0.998302817
5737c6ec2e0716f3d8a7a5c4e0de0d9a	no	0.998626709
bc6dc48b743dc5d013b1abaebd2faed2	no	0.980726957
f2fc990265c712c49d51a18a32b39f0c	yes	0.580271959
89f0fd5c927d466d6ec9a21b9ac34ffa	no	0.678108215
a666587afda6e89aec274a3657558a27	no	0.998481929
b83aac23b9528732c23cc7352950e880	no	0.998551309
cd00692c3bfe59267d5ecfac5310286c	no	0.998426318
6faa8040da20ef399b63a72d0e4ab575	no	0.998334587
fe73f687e5bc5280214e0486b273a5f9	no	0.9938007
6da37dd3139aa4d9aa55b8d237ec5d4a	yes	0.998736441
c042f4db68f23406c6cecf84a7ebb0fe	no	0.941028655
310dcbbf4cce62f762a2aaa148d556bd	no	0.99863261
2f2b265625d76a6704b08093c652fd79	no	0.998604
f9b902fc3289af4dd08de5d1de54f68f	no	0.99857831
6855456e2fe46a9d49d3d3af4f57443d	no	0.901345909
357a6fdf7642bf815a88822c447d9dc4	no	0.998613596
819f46e52c25763a55cc642422644317	no	0.982565641
04025959b191f8f9de3f924f0940515f	no	0.998695195
40008b9a5380fcacce3976bf7c08af5b	no	0.998626
3dd48ab31d016ffcbf3314df2b3cb9ce	no	0.996704638
58238e9ae2dd305d79c2ebc8c1883422	no	0.997810185
3ad7c2ebb96fcba7cda0cf54a2e802f5	no	0.995994329
b3967a0e938dc2a6340e258630febd5a	no	0.991088
d81f9c1be2e08964bf9f24b15f0e4900	no	0.998126805
13f9896df61279c928f19721878fac41	no	0.998568535
c5ff2543b53f4cc0ad3819a36752467b	yes	0.996491134
01386bd6d8e091c2ab4c7c7de644d37b	no	0.99857831
0bb4aec1710521c12ee76289d9440817	no	0.9960199
9de6d14fff9806d4bcd1ef555be766cd	no	0.998620391
efe937780e95574250dabe07151bdc23	no	0.998668551
371bce7dc83817b7893bcdeed13799b5	no	0.998770654
138bb0696595b338afbab333c555292a	yes	0.997471213
8dd48d6a2e2cad213179a3992c0be53c	yes	0.994265854
82cec96096d4281b7c95cd7e74623496	no	0.99814868
6c524f9d5d7027454a783c841250ba71	no	0.998561919
fb7b9ffa5462084c5f4e7e85a093e6d7	no	0.997707844
aa942ab2bfa6ebda4840e7360ce6e7ef	no	0.997460485
c058f544c737782deacefa532d9add4c	no	0.985142171
e7b24b112a44fdd9ee93bdf998c6ca0e	no	0.995640278
52720e003547c70561bf5e03b95aa99f	no	0.99330622
c3e878e27f52e2a57ace4d9a76fd9acf	no	0.998050928
00411460f7c92d2124a67ea0f4cb5f85	no	0.986448586
bac9162b47c56fc8a4d2a519803d51b3	no	0.998566926
9be40cee5b0eee1462c82c6964087ff9	no	0.998438776
5ef698cd9fe650923ea331c15af3b160	no	0.998223126
05049e90fa4f5039a8cadc6acbb4b2cc	no	0.994334817
cf004fdc76fa1a4f25f62e0eb5261ca3	no	0.997151196
0c74b7f78409a4022a2c4c5a5ca3ee19	no	0.989701629
d709f38ef758b5066ef31b18039b8ce5	no	0.998151958
41f1f19176d383480afa65d325c06ed0	no	0.706635833
24b16fede9a67c9251d3e7c7161c83ac	no	0.998465657
ffd52f3c7e12435a724a8f30fddadd9c	no	0.758892655
ad972f10e0800b49d76fed33a21f6698	no	0.995190263
f61d6947467ccd3aa5af24db320235dd	no	0.998380303
142949df56ea8ae0be8b5306971900a4	yes	0.995669484
d34ab169b70c9dcd35e62896010cd9ff	no	0.998687446
8bf1211fd4b7b94528899de0a43b9fb3	no	0.99844861
a02ffd91ece5e7efeb46db8f10a74059	no	0.9982844
bca82e41ee7b0833588399b1fcd177c7	no	0.998457074
00ec53c4682d36f5c4359f4ae7bd7ba1	no	0.97384733
4f6ffe13a5d75b2d6a3923922b3922e5	yes	0.998245716
beed13602b9b0e6ecb5b568ff5058f07	yes	0.997724593
0584ce565c824b7b7f50282d9a19945b	no	0.998365819
dc912a253d1e9ba40e2c597ed2376640	no	0.998384118
39461a19e9eddfb385ea76b26521ea48	yes	0.998948753
8efb100a295c0c690931222ff4467bb8	no	0.998649776
d9fc5b73a8d78fad3d6dffe419384e70	yes	0.95827204
c86a7ee3d8ef0b551ed58e354a836f2b	no	0.988944292
a01a0380ca3c61428c26a231f0e49a09	no	0.99669975
5a4b25aaed25c2ee1b74de72dc03c14e	no	0.998674512
f73b76ce8949fe29bf2a537cfa420e8f	no	0.998640478
70c639df5e30bdee440e4cdf599fec2b	no	0.998153865
28f0b864598a1291557bed248a998d4e	yes	0.690009713
1543843a4723ed2ab08e18053ae6dc5b	no	0.997629523
f8c1f23d6a8d8d7904fc0ea8e066b3bb	no	0.997738242
e46de7e1bcaaced9a54f1e9d0d2f800d	no	0.998506486
b7b16ecf8ca53723593894116071700c	no	0.998564065
352fe25daf686bdb4edca223c921acea	no	0.998717785
18d8042386b79e2c279fd162df0205c8	no	0.781671107
816b112c6105b3ebd537828a39af4818	yes	0.516777456
69cb3ea317a32c4e6143e665fdb20b14	no	0.998684585
bbf94b34eb32268ada57a3be5062fe7d	no	0.9971264
4f4adcbf8c6f66dcfc8a3282ac2bf10a	yes	0.99927789
bbcbff5c1f1ded46c25d28119a85c6c2	no	0.998396695
8cb22bdd0b7ba1ab13d742e22eed8da2	no	0.998628259
f4f6dce2f3a0f9dada0c2b5b66452017	yes	0.998131931
0d0fd7c6e093f7b804fa0150b875b868	no	0.994450569
a96b65a721e561e1e3de768ac819ffbb	yes	0.842924476
1068c6e4c8051cfd4e9ea8072e3189e2	no	0.990241587
17d63b1625c816c22647a73e1482372b	no	0.998285115
b9228e0962a78b84f3d5d92f4faa000b	no	0.997644484
0deb1c54814305ca9ad266f53bc82511	no	0.891679049
66808e327dc79d135ba18e051673d906	no	0.996081173
42e7aaa88b48137a16a1acd04ed91125	no	0.982865214
8fe0093bb30d6f8c31474bd0764e6ac0	no	0.994891882
41ae36ecb9b3eee609d05b90c14222fb	no	0.998644412
d1f255a373a3cef72e03aa9d980c7eca	no	0.996983707
7eacb532570ff6858afd2723755ff790	no	0.998597562
b6f0479ae87d244975439c6124592772	no	0.99725
e0c641195b27425bb056ac56f8953d24	no	0.766398132
f85454e8279be180185cac7d243c5eb3	no	0.998279691
faa9afea49ef2ff029a833cccc778fd0	no	0.998207331
3c7781a36bcd6cf08c11a970fbe0e2a6	yes	0.991233885
25b2822c2f5a3230abfadd476e8b04c9	no	0.99861443
6ecbdd6ec859d284dc13885a37ce8d81	no	0.998610854
18997733ec258a9fcaf239cc55d53363	no	0.998640478
8d7d8ee069cb0cbbf816bbb65d56947e	no	0.930720687
75fc093c0ee742f6dddaa13fff98f104	no	0.998393595
f74909ace68e51891440e4da0b65a70c	no	0.998406589
66368270ffd51418ec58bd793f2d9b1b	no	0.998613715
248e844336797ec98478f85e7626de4a	no	0.998631895
019d385eb67632a7e958e23f24bd07d7	no	0.985289633
a49e9411d64ff53eccfdd09ad10a15b3	no	0.998598874
ddb30680a691d157187ee1cf9e896d03	yes	0.999228
2421fcb1263b9530df88f7f002e78ea5	no	0.998271585
fccb60fb512d13df5083790d64c4d5dd	no	0.997224092
1651cf0d2f737d7adeab84d339dbabd3	no	0.998587728
eed5af6add95a9a6f1252739b1ad8c24	no	0.998556077
a8abb4bb284b5b27aa7cb790dc20f80b	yes	0.998987734
15d4e891d784977cacbfcbb00c48f133	no	0.772290826
c203d8a151612acf12457e4d67635a95	yes	0.619849563
13f3cf8c531952d72e5847c4183e6910	no	0.99869746
550a141f12de6341fba65b0ad0433500	yes	0.519166
67f7fb873eaf29526a11a9b7ac33bfac	no	0.998046517
1a5b1e4daae265b790965a275b53ae50	no	0.998655558
9a96876e2f8f3dc4f3cf45f02c61c0c1	no	0.990703344
9b70e8fe62e40c570a322f1b0b659098	no	0.853871524
d61e4bbd6393c9111e6526ea173a7c8b	no	0.998656154
f5f8590cd58a54e94377e6ae2eded4d9	no	0.99704355
941e1aaaba585b952b62c14a3a175a61	no	0.998552263
9431c87f273e507e6040fcb07dcb4509	no	0.987383306
49ae49a23f67c759bf4fc791ba842aa2	no	0.998644173
e44fea3bec53bcea3b7513ccef5857ac	no	0.998699903
821fa74b50ba3f7cba1e6c53e8fa6845	no	0.998681128
250cf8b51c773f3f8dc8b4be867a9a02	yes	0.997833669
42998cf32d552343bc8e460416382dca	no	0.998695433
d07e70efcfab08731a97e7b91be644de	no	0.998596489
7fe1f8abaad094e0b5cb1b01d712f708	yes	0.772249877
98b297950041a42470269d56260243a1	no	0.994331241
0353ab4cbed5beae847a7ff6e220b5cf	no	0.998583317
51d92be1c60d1db1d2e5e7a07da55b26	no	0.982509732
428fca9bc1921c25c5121f9da7815cde	no	0.998481929
f1b6f2857fb6d44dd73c7041e0aa0f19	yes	0.734034419
68ce199ec2c5517597ce0a4d89620f55	no	0.998687565
e836d813fd184325132fca8edcdfb40e	yes	0.687305629
ab817c9349cf9c4f6877e1894a1faa00	no	0.998657227
877a9ba7a98f75b90a9d49f53f15a858	no	0.998593271
dc6a6489640ca02b0d42dabeb8e46bb7	no	0.998662114
26337353b7962f533d78c762373b3318	no	0.998562515
8e6b42f1644ecb1327dc03ab345e618b	no	0.993812799
ef575e8837d065a1683c022d2077d342	no	0.998589098
2050e03ca119580f74cca14cc6e97462	no	0.998631179
25ddc0f8c9d3e22e03d3076f98d83cb2	yes	0.989605069
5ef0b4eba35ab2d6180b0bca7e46b6f9	no	0.998600781
598b3e71ec378bd83e0a727608b5db01	no	0.998451948
74071a673307ca7459bcf75fbd024e09	no	0.990868449
cfee398643cbc3dc5eefc89334cacdc1	no	0.998635828
d18f655c3fce66ca401d5f38b48c89af	yes	0.998611331
6ea2ef7311b482724a9b7b0bc0dd85c6	no	0.977718651
9461cce28ebe3e76fb4b931c35a169b0	no	0.998182178
f770b62bc8f42a0b66751fe636fc6eb0	no	0.997305751
e1e32e235eee1f970470a3a6658dfdd5	no	0.720083654
eba0dc302bcd9a273f8bbb72be3a687b	no	0.998529792
218a0aefd1d1a4be65601cc6ddc1520e	no	0.998625278
7d04bbbe5494ae9d2f5a76aa1c00fa2f	no	0.998405635
a516a87cfcaef229b342c437fe2b95f7	no	0.997692704
c3c59e5f8b3e9753913f4d435b53c308	no	0.959479451
854d9fca60b4bd07f9bb215d59ef5561	no	0.723030448
c410003ef13d451727aeff9082c29a5c	no	0.989008605
559cb990c9dffd8675f6bc2186971dc2	no	0.990241706
55a7cf9c71f1c9c495413f934dd1a158	no	0.994670808
2f55707d4193dc27118a0f19a1985716	no	0.980500817
1be3bc32e6564055d5ca3e5a354acbef	no	0.995918095
35051070e572e47d2c26c241ab88307f	no	0.939943254
b534ba68236ba543ae44b22bd110a1d6	no	0.992697179
7380ad8a673226ae47fce7bff88e9c33	no	0.982843459
05f971b5ec196b8c65b75d2ef8267331	no	0.998576522
3cf166c6b73f030b4f67eeaeba301103	no	0.99864918
cee631121c2ec9232f3a2f028ad5c89b	yes	0.998724759
5b69b9cb83065d403869739ae7f0995e	yes	0.999216199
b5b41fac0361d157d9673ecb926af5ae	no	0.998500824
285e19f20beded7d215102b49d5c09a0	no	0.955823362
b337e84de8752b27eda3a12363109e80	no	0.998775542
e8c0653fea13f91bf3c48159f7c24f78	no	0.534800828
ff4d5fbbafdf976cfdc032e3bde78de5	no	0.74238956
2d6cc4b2d139a53512fb8cbb3086ae2e	no	0.998656154
389bc7bb1e1c2a5e7e147703232a88f6	no	0.997359812
e2230b853516e7b05d79744fbd4c9c13	no	0.998516142
087408522c31eeb1f982bc0eaf81d35f	yes	0.997156262
a760880003e7ddedfef56acb3b09697f	no	0.998697102
10a7cdd970fe135cf4f7bb55c0e3b59f	no	0.998396456
3dc4876f3f08201c7c76cb71fa1da439	no	0.97714144
59b90e1005a220e2ebc542eb9d950b1e	no	0.998569608
2b8a61594b1f4c4db0902a8a395ced93	no	0.884839714
f3f27a324736617f20abbf2ffd806f6d	no	0.998770654
38913e1d6a7b94cb0f55994f679f5956	no	0.998507798
ebd9629fc3ae5e9f6611e2ee05a31cef	no	0.992834687
63538fe6ef330c13a05a3ed7e599d5f7	no	0.992498
cf67355a3333e6e143439161adc2d82e	yes	0.998570681
07563a3fe3bbe7e3ba84431ad9d055af	yes	0.998775899
53fde96fcc4b4ce72d7739202324cd49	no	0.998665
2bb232c0b13c774965ef8558f0fbd615	no	0.998468578
ba2fd310dcaa8781a9a652a31baf3c68	no	0.998005
69421f032498c97020180038fddb8e24	no	0.608876586
85422afb467e9456013a2a51d4dff702	no	0.986894131
13f320e7b5ead1024ac95c3b208610db	no	0.99855262
f4be00279ee2e0a53eafdaa94a151e2c	no	0.997593582
37f0e884fbad9667e38940169d0a3c95	yes	0.998353481
d64a340bcb633f536d56e51874281454	no	0.622075677
0fcbc61acd0479dc77e3cccc0f5ffca7	yes	0.999300599
298f95e1bf9136124592c8d4825a06fc	no	0.998224318
df877f3865752637daa540ea9cbc474f	no	0.998682439
c399862d3b9d6b76c8436e924a68c45b	no	0.998039544
33e8075e9970de0cfea955afd4644bb2	no	0.995734036
65658fde58ab3c2b6e5132a39fae7cb9	no	0.998072624
5ea1649a31336092c05438df996a3e59	no	0.840420365
7bcdf75ad237b8e02e301f4091fb6bc8	no	0.731052816
5737034557ef5b8c02c0e46513b98f90	no	0.996407211
9b72e31dac81715466cd580a448cf823	no	0.992889404
16c222aa19898e5058938167c8ab6c57	no	0.99865073
7dcd340d84f762eba80aa538b0c527f7	yes	0.999250233
81448138f5f163ccdba4acc69819f280	no	0.998543
97e8527feaf77a97fc38f34216141515	yes	0.999106228
647bba344396e7c8170902bcf2e15551	no	0.983588099
ed265bc903a5a097f61d3ec064d96d2e	no	0.998349547
c75b6f114c23a4d7ea11331e7c00e73c	no	0.998528
8d34201a5b85900908db6cae92723617	no	0.998298943
ccb1d45fb76f7c5a0bf619f979c6cf36	no	0.986109197
01f78be6f7cad02658508fe4616098a9	yes	0.999299526
7f24d240521d99071c93af3917215ef7	no	0.998683751
94c7bb58efc3b337800875b5d382a072	no	0.998699665
f387624df552cea2f369918c5e1e12bc	no	0.99866879
5e388103a391daabe3de1d76a6739ccd	no	0.998007596
15de21c670ae7c3f6f3f1f37029303c9	no	0.998551667
11b921ef080f7736089c757404650e40	no	0.984262884
6e2713a6efee97bacb63e52c54f0ada0	no	0.996293
1bb91f73e9d31ea2830a5e73ce3ed328	no	0.99854064
3a0772443a0739141292a5429b952fe6	no	0.998662
a9a6653e48976138166de32772b1bf40	yes	0.997448623
58ae749f25eded36f486bc85feb3f0ab	no	0.989347219
4e4b5fbbbb602b6d35bea8460aa8f8e5	no	0.998433888
8eefcfdf5990e441f0fb6f3fad709e21	no	0.984189689
1728efbda81692282ba642aafd57be3a	no	0.99844116
cbcb58ac2e496207586df2854b17995f	no	0.636635959
db85e2590b6109813dafa101ceb2faeb	no	0.998563826
99c5e07b4d5de9d18c350cdf64c5aa3d	yes	0.993692517
dd458505749b2941217ddd59394240e8	no	0.817245483
8b16ebc056e613024c057be590b542eb	no	0.992613673
a86c450b76fb8c371afead6410d55534	no	0.981726468
c9892a989183de32e976c6f04e700201	no	0.99615
e6b4b2a746ed40e1af829d1fa82daa10	no	0.997554243
e5f6ad6ce374177eef023bf5d0c018b6	no	0.998028219
f0e52b27a7a5d6a1a87373dffa53dbe5	no	0.998565
ffeabd223de0d4eacb9a3e6e53e5448d	no	0.998610854
a7aeed74714116f3b292a982238f83d2	no	0.998563826
fde9264cf376fffe2ee4ddf4a988880d	no	0.836250365
a8849b052492b5106526b2331e526138	no	0.998597085
258be18e31c8188555c2ff05b4d542c3	no	0.819360673
069d3bb002acd8d7dd095917f9efe4cb	yes	0.728040814
c6e19e830859f2cb9f7c8f8cacb8d2a6	no	0.998575568
46922a0880a8f11f8f69cbb52b1396be	no	0.559489608
9ad6aaed513b73148b7d49f70afcfb32	no	0.998054385
f5deaeeae1538fb6c45901d524ee2f98	no	0.998682201
a9a1d5317a33ae8cef33961c34144f84	no	0.997823834
605ff764c617d3cd28dbbdd72be8f9a2	no	0.997501671
766ebcd59621e305170616ba3d3dac32	yes	0.609042346
daca41214b39c5dc66674d09081940f0	no	0.998474658
30bb3825e8f631cc6075c0f87bb4978c	no	0.710849404
08b255a5d42b89b0585260b6f2360bdd	no	0.99816519
3493894fa4ea036cfc6433c3e2ee63b0	no	0.998461962
dbe272bab69f8e13f14b405e038deb64	no	0.998651564
acc3e0404646c57502b480dc052c4fe1	no	0.869060814
076a0c97d09cf1a0ec3e19c7f2529f2b	no	0.998615146
04ecb1fa28506ccb6f72b12c0245ddbc	no	0.998479426
b2eeb7362ef83deff5c7813a67e14f0a	no	0.998429596
08c5433a60135c32e34f46a71175850c	no	0.998761415
6aca97005c68f1206823815f66102863	yes	0.998947799
3435c378bb76d4357324dd7e69f3cd18	no	0.998652697
d490d7b4576290fa60eb31b5fc917ad1	no	0.560759127
b2f627fff19fda463cb386442eac2b3d	no	0.998669624
c3992e9a68c5ae12bd18488bc579b30d	no	0.998624682
d86ea612dec96096c5e0fcc8dd42ab6d	no	0.998576283
9cf81d8026a9018052c429cc4e56739b	no	0.980525792
c361bc7b2c033a83d663b8d9fb4be56e	no	0.998514712
44c4c17332cace2124a1a836d9fc4b6f	no	0.9660393
dc82d632c9fcecb0778afbc7924494a6	no	0.998532057
996a7fa078cc36c46d02f9af3bef918b	no	0.722166896
d7a728a67d909e714c0774e22cb806f2	yes	0.998835266
00ac8ed3b4327bdd4ebbebcb2ba10a00	no	0.998501897
8ebda540cbcc4d7336496819a46a1b68	no	0.9985677
f76a89f0cb91bc419542ce9fa43902dc	no	0.961232543
f29c21d4897f78948b91f03172341b7b	no	0.998254836
851ddf5058cf22df63d3344ad89919cf	no	0.998487
58d4d1e7b1e97b258c9ed0b37e02d087	no	0.964450717
7750ca3559e5b8e1f44210283368fc16	no	0.998627782
5d44ee6f2c3f71b73125876103c8f6c4	no	0.998605788
eb6fdc36b281b7d5eabf33396c2683a2	no	0.998340487
cdc0d6e63aa8e41c89689f54970bb35f	yes	0.998845458
b73dfe25b4b8714c029b37a6ad3006fa	no	0.998639047
85fc37b18c57097425b52fc7afbb6969	no	0.998082042
3871bd64012152bfb53fdf04b401193f	yes	0.998578668
a733fa9b25f33689e2adbe72199f0e62	yes	0.998780906
48ab2f9b45957ab574cf005eb8a76760	yes	0.95642066
233509073ed3432027d48b1a83f5fbd2	no	0.988106251
45645a27c4f1adc8a7a835976064a86d	no	0.998594105
185c29dc24325934ee377cfda20e414c	no	0.99819535
42e77b63637ab381e8be5f8318cc28a2	no	0.997569263
051e4e127b92f5d98d3c79b195f2b291	no	0.997055769
9cc138f8dc04cbf16240daa92d8d50e2	no	0.797753215
b7bb35b9c6ca2aee2df08cf09d7016c2	no	0.981600881
abd815286ba1007abfbb8415b83ae2cf	no	0.991192758
26dd0dbc6e3f4c8043749885523d6a25	no	0.990529597
6766aa2750c19aad2fa1b32f36ed4aee	no	0.997879505
6a10bbd480e4c5573d8f3af73ae0454b	no	0.993724883
c5ab0bc60ac7929182aadd08703f1ec6	no	0.998610616
a532400ed62e772b9dc0b86f46e583ff	no	0.998629332
4c27cea8526af8cfee3be5e183ac9605	no	0.998485
0f96613235062963ccde717b18f97592	no	0.960178137
4ffce04d92a4d6cb21c1494cdfcd6dc1	yes	0.935569823
67e103b0761e60683e83c559be18d40c	yes	0.591868699
291597a100aadd814d197af4f4bab3a7	no	0.904471219
9b698eb3105bd82528f23d0c92dedfc0	no	0.998587608
8c7bbbba95c1025975e548cee86dfadc	no	0.993606329
5e9f92a01c986bafcabbafd145520b13	no	0.998725116
0ff39bbbf981ac0151d340c9aa40e63e	no	0.996169388
303ed4c69846ab36c2904d3ba8573050	no	0.998183072
443cb001c138b2561a0d90720d6ce111	no	0.998645484
55b37c5c270e5d84c793e486d798c01d	no	0.996544302
884d247c6f65a96a7da4d1105d584ddd	yes	0.99877435
55743cc0393b1cb4b8b37d09ae48d097	no	0.998608649
30ef30b64204a3088a26bc2e6ecf7602	no	0.998714805
eaae339c4d89fc102edd9dbdb6a28915	no	0.998575091
ab233b682ec355648e7891e66c54191b	no	0.96652782
3d2d8ccb37df977cb6d9da15b76c3f3a	no	0.733070672
26408ffa703a72e8ac0117e74ad46f33	no	0.997767091
b4288d9c0ec0a1841b3b3728321e7088	no	0.997231543
2f37d10131f2a483a8dd005b3d14b0d9	yes	0.500696599
0ff8033cf9437c213ee13937b1c4c455	no	0.998776138
68264bdb65b97eeae6788aa3348e553c	no	0.998678625
3a066bda8c96b9478bb0512f0a43028c	no	0.99863714
be3159ad04564bfb90db9e32851ebf9c	no	0.949331582
8757150decbd89b0f5442ca3db4d0e0e	no	0.998607337
2291d2ec3b3048d1a6f86c2c4591b7e0	no	0.998647392
84117275be999ff55a987b9381e01f96	no	0.970089257
fae0b27c451c728867a567e8c1bb4e53	no	0.998675406
b5dc4e5d9b495d0196f61d45b26ef33e	no	0.998485625
192fc044e74dffea144f9ac5dc9f3395	yes	0.999334037
5c04925674920eb58467fb52ce4ef728	no	0.861423
17c276c8e723eb46aef576537e9d56d0	no	0.939239562
5dd9db5e033da9c6fb5ba83c7a7ebea9	no	0.99488622
2dea61eed4bceec564a00115c4d21334	no	0.998647869
9f396fe44e7c05c16873b05ec425cbad	no	0.873384655
0d7de1aca9299fe63f3e0041f02638a3	yes	0.565587223
8fecb20817b3847419bb3de39a609afe	no	0.998678744
dc6a70712a252123c40d2adba6a11d84	no	0.574545264
71a3cb155f8dc89bf3d0365288219936	yes	0.510064781
9fe8593a8a330607d76796b35c64c600	no	0.998611212
ca9c267dad0305d1a6308d2a0cf1c39c	yes	0.995509267
fccb3cdc9acc14a6e70a12f74560c026	no	0.99867636
1595af6435015c77a7149e92a551338e	no	0.819867074
08d98638c6fcd194a4b1e6992063e944	yes	0.998882115
24681928425f5a9133504de568f5f6df	no	0.998596847
556f391937dfd4398cbac35e050a2177	no	0.995786369
3328bdf9a4b9504b9398284244fe97c2	no	0.986421466
109a0ca3bc27f3e96597370d5c8cf03d	no	0.998651803
7f5d04d189dfb634e6a85bb9d9adf21e	no	0.99852258
f79921bbae40a577928b76d2fc3edc2a	no	0.998239279
07a96b1f61097ccb54be14d6a47439b0	no	0.892960846
c06d06da9666a219db15cf575aff2824	no	0.998622656
10a5ab2db37feedfdeaab192ead4ac0e	no	0.788488686
e555ebe0ce426f7f9b2bef0706315e0c	no	0.666488051
53e3a7161e428b65688f14b84d61c610	no	0.998605669
5487315b1286f907165907aa8fc96619	no	0.898120761
e4bb4c5173c2ce17fd8fcd40041c068f	no	0.810945749
0cb929eae7a499e50248a3a78f7acfc7	no	0.998580813
8a0e1141fd37fa5b98d5bb769ba1a7cc	yes	0.99531579
99bcfcd754a98ce89cb86f73acc04645	no	0.998491287
afd4836712c5e77550897e25711e1d96	no	0.99845624
e5841df2166dd424a57127423d276bbe	no	0.995032549
b4a528955b84f584974e92d025a75d1f	no	0.998652935
b1eec33c726a60554bc78518d5f9b32c	no	0.998640478
d6c651ddcd97183b2e40bc464231c962	no	0.998081803
f64eac11f2cd8f0efa196f8ad173178e	yes	0.99903971
4a47d2983c8bd392b120b627e0e1cab4	no	0.998505
9c82c7143c102b71c593d98d96093fde	no	0.980640769
500e75a036dc2d7d2fec5da1b71d36cc	no	0.99866426
ae0eb3eed39d2bcef4622b2499a05fe6	no	0.998578191
1ecfb463472ec9115b10c292ef8bc986	no	0.998660803
e70611883d2760c8bbafb4acb29e3446	no	0.998658895
6081594975a764c8e3a691fa2b3a321d	yes	0.99899739
19bc916108fc6938f52cb96f7e087941	no	0.998475254
07c5807d0d927dcd0980f86024e5208b	no	0.998201132
d14220ee66aeec73c49038385428ec4c	yes	0.705990195
8df707a948fac1b4a0f97aa554886ec8	yes	0.918248117
e7f8a7fb0b77bcb3b283af5be021448f	no	0.998751402
788d986905533aba051261497ecffcbb	no	0.998250782
50c3d7614917b24303ee6a220679dab3	no	0.998585105
2afe4567e1bf64d32a5527244d104cea	no	0.997371912
5f2c22cb4a5380af7ca75622a6426917	no	0.99869895
aba3b6fd5d186d28e06ff97135cade7f	no	0.998630702
c8ed21db4f678f3b13b9d5ee16489088	no	0.99871397
08419be897405321542838d77f855226	no	0.998432457
7f1171a78ce0780a2142a6eb7bc4f3c8	no	0.998553813
82f2b308c3b01637c607ce05f52a2fed	no	0.997867227
0d3180d672e08b4c5312dcdafdf6ef36	no	0.996826708
fb89705ae6d743bf1e848c206e16a1d7	no	0.998531
d4c2e4a3297fe25a71d030b67eb83bfc	no	0.998680413
5751ec3e9a4feab575962e78e006250d	yes	0.999221563
d5cfead94f5350c12c322b5b664544c1	no	0.99156636
59c33016884a62116be975a9bb8257e3	no	0.998283267
ba3866600c3540f67c1e9575e213be0a	no	0.998639405
6c29793a140a811d0c45ce03c1c93a28	no	0.997993588
e995f98d56967d946471af29d7bf99f1	no	0.98747
6cd67d9b6f0150c77bda2eda01ae484c	no	0.997731268
6bc24fc1ab650b25b4114e93a98f1eba	no	0.998542786
a5cdd4aa0048b187f7182f1b9ce7a6a7	no	0.998623848
217eedd1ba8c592db97d0dbe54c7adfc	no	0.911227465
df263d996281d984952c07998dc54358	no	0.998701
edfbe1afcf9246bb0d40eb4d8027d90f	no	0.529605627
2e65f2f2fdaf6c699b223c61b1b5ab89	no	0.998609
e94550c93cd70fe748e6982b3439ad3b	no	0.984957814
5c572eca050594c7bc3c36e7e8ab9550	no	0.998281956
0537fb40a68c18da59a35c2bfe1ca554	no	0.997978389
5f0f5e5f33945135b874349cfbed4fb9	no	0.992955446
185e65bc40581880c4f2c82958de8cfe	no	0.998418093
8d317bdcf4aafcfc22149d77babee96d	no	0.997602046
e49b8b4053df9505e1f48c3a701c0682	no	0.991348088
b056eb1587586b71e2da9acfe4fbd19e	no	0.991098821
b137fdd1f79d56c7edf3365fea7520f2	no	0.996384859
912d2b1c7b2826caf99687388d2e8f7c	no	0.944362223
a1d33d0dfec820b41b54430b50e96b5c	no	0.984848201
6f2268bd1d3d3ebaabb04d6b5d099425	no	0.996736586
872488f88d1b2db54d55bc8bba2fad1b	no	0.998540401
ccb0989662211f61edae2e26d58ea92f	no	0.998352528
2823f4797102ce1a1aec05359cc16dd9	yes	0.975273252
470e7a4f017a5476afb7eeb3f8b96f9b	no	0.99862659
bf62768ca46b6c3b5bea9515d1a1fc45	no	0.974202931
fa14d4fe2f19414de3ebd9f63d5c0169	no	0.997358263
2ca65f58e35d9ad45bf7f3ae5cfd08f1	no	0.989714
88ae6372cfdc5df69a976e893f4d554b	no	0.97058177
06997f04a7db92466a2baa6ebc8b872d	no	0.998616815
eefc9e10ebdc4a2333b42b2dbb8f27b6	no	0.993706763
5807a685d1a9ab3b599035bc566ce2b9	no	0.994024456
d840cc5d906c3e9c84374c8919d2074e	yes	0.999290466
959a557f5f6beb411fd954f3f34b21c3	no	0.996439636
f2201f5191c4e92cc5af043eebfd0946	no	0.998727
3a835d3215755c435ef4fe9965a3f2a0	yes	0.505927861
288cc0ff022877bd3df94bc9360b9c5d	yes	0.514154375
4ea06fbc83cdd0a06020c35d50e1e89a	no	0.998592198
b7ee6f5f9aa5cd17ca1aea43ce848496	no	0.998183429
e57c6b956a6521b28495f2886ca0977a	no	0.998575091
86b122d4358357d834a87ce618a55de0	no	0.997940242
4e0928de075538c593fbdabb0c5ef2c3	no	0.998671651
c0f168ce8900fa56e57789e2a2f2c9d0	no	0.775387049
8c6744c9d42ec2cb9e8885b54ff744d0	no	0.998617172
f1c1592588411002af340cbaedd6fc33	no	0.998469651
e07413354875be01a996dc560274708e	no	0.998347878
67d96d458abdef21792e6d8e590244e7	no	0.998678
a8e864d04c95572d1aece099af852d0a	no	0.996005118
7143d7fbadfa4693b9eec507d9d37443	no	0.998545289
72da7fd6d1302c0a159f6436d01e9eb0	no	0.994096637
6e0721b2c6977135b916ef286bcb49ec	no	0.748086274
fc8001f834f6a5f0561080d134d53d29	no	0.998655081
4b04a686b0ad13dce35fa99fa4161c65	no	0.998672962
61b4a64be663682e8cb037d9719ad8cd	no	0.998517931
3621f1454cacf995530ea53652ddf8fb	no	0.9987005
c15da1f2b5e5ed6e6837a3802f0d1593	no	0.996332347
68053af2923e00204c3ca7c6a3150cf7	no	0.998657823
2dace78f80bc92e6d7493423d729448e	no	0.990115702
df7f28ac89ca37bf1abd2f6c184fe1cf	no	0.998632848
96ea64f3a1aa2fd00c72faacf0cb8ac9	yes	0.998991907
da8ce53cf0240070ce6c69c48cd588ee	no	0.765650034
82489c9737cc245530c7a6ebef3753ec	no	0.998515785
7c590f01490190db0ed02a5070e20f01	no	0.986122549
35cf8659cfcb13224cbd47863a34fc58	no	0.998681962
beb22fb694d513edcf5533cf006dfeae	no	0.998366416
9e3cfc48eccf81a0d57663e129aef3cb	no	0.998674512
28267ab848bcf807b2ed53c3a8f8fc8a	no	0.989514351
7a53928fa4dd31e82c6ef826f341daec	no	0.998558939
1905aedab9bf2477edc068a355bba31a	no	0.973179638
1141938ba2c2b13f5505d7c424ebae5f	no	0.983669102
1aa48fc4880bb0c9b8a3bf979d3b917e	yes	0.999235153
dc5689792e08eb2e219dce49e64c885b	no	0.998214841
846c260d715e5b854ffad5f70a516c88	no	0.998391807
d58072be2820e8682c0a27c0518e805e	no	0.998259723
6e7b33fdea3adc80ebd648fffb665bb8	no	0.998265922
a8ecbabae151abacba7dbde04f761c37	yes	0.998638213
32b30a250abd6331e03a2a1f16466346	no	0.959264874
b6edc1cd1f36e45daf6d7824d7bb2283	yes	0.57019037
670e8a43b246801ca1eaca97b3e19189	no	0.998526812
81e74d678581a3bb7a720b019f4f1a93	no	0.998362601
e0cf1f47118daebc5b16269099ad7347	yes	0.997044504
96b9bff013acedfb1d140579e2fbeb63	yes	0.997712851
71ad16ad2c4d81f348082ff6c4b20768	no	0.994052708
43fa7f58b7eac7ac872209342e62e8f1	yes	0.599931479
31839b036f63806cba3f47b93af8ccb5	no	0.985721231
f0adc8838f4bdedde4ec2cfad0515589	no	0.998452306
3b5dca501ee1e6d8cd7b905f4e1bf723	no	0.993236
e2a2dcc36a08a345332c751b2f2e476c	no	0.998561561
4558dbb6f6f8bb2e16d03b85bde76e2c	no	0.968561471
afda332245e2af431fb7b672a68b659d	no	0.997982
632cee946db83e7a52ce5e8d6f0fed35	no	0.994603217
677e09724f0e2df9b6c000b75b5da10d	no	0.998605549
d554f7bb7be44a7267068a7df88ddd20	no	0.995059907
795c7a7a5ec6b460ec00c5841019b9e9	no	0.998625398
fa3a3c407f82377f55c19c5d403335c7	no	0.998664618
c2626d850c80ea07e7511bbae4c76f4b	no	0.991012752
ce78d1da254c0843eb23951ae077ff5f	no	0.998549283
8e82ab7243b7c66d768f1b8ce1c967eb	no	0.998657584
e0ec453e28e061cc58ac43f91dc2f3f0	no	0.998702288
7250eb93b3c18cc9daa29cf58af7a004	no	0.989527
013a006f03dbc5392effeb8f18fda755	no	0.512633
301ad0e3bd5cb1627a2044908a42fdc2	no	0.998400033
4d5b995358e7798bc7e9d9db83c612a5	no	0.998400271
ab88b15733f543179858600245108dd8	no	0.997915447
b0b183c207f46f0cca7dc63b2604f5cc	no	0.997487783
f9028faec74be6ec9b852b0a542e2f39	yes	0.528228045
8f7d807e1f53eff5f9efbe5cb81090fb	no	0.99841249
fa83a11a198d5a7f0bf77a1987bcd006	no	0.800263524
02a32ad2669e6fe298e607fe7cc0e1a0	yes	0.994021237
fc3cf452d3da8402bebb765225ce8c0e	no	0.998692
3d8e28caf901313a554cebc7d32e67e5	no	0.996782184
e97ee2054defb209c35fe4dc94599061	no	0.998104811
b86e8d03fe992d1b0e19656875ee557c	no	0.998613
84f7e69969dea92a925508f7c1f9579a	no	0.998483
f4552671f8909587cf485ea990207f3b	no	0.998659134
362e80d4df43b03ae6d3f8540cd63626	no	0.998406231
fe8c15fed5f808006ce95eddb7366e35	no	0.998655796
1efa39bcaec6f3900149160693694536	no	0.996747851
92fb0c6d1758261f10d052e6e2c1123c	yes	0.996260703
22ac3c5a5bf0b520d281c122d1490650	no	0.964697123
aff1621254f7c1be92f64550478c56e6	no	0.998531103
f7e9050c92a851b0016442ab604b0488	no	0.998698354
addfa9b7e234254d26e9c7f2af1005cb	no	0.998678386
8c235f89a8143a28a1d6067e959dd858	no	0.826753557
847cc55b7032108eee6dd897f3bca8a5	yes	0.998564541
a67f096809415ca1c9f112d96d27689b	no	0.996794403
2a084e55c87b1ebcdaad1f62fdbbac8e	no	0.998563945
fc49306d97602c8ed1be1dfbf0835ead	yes	0.999231935
f9a40a4780f5e1306c46f1c8daecee3b	no	0.998356164
5ec91aac30eae62f4140325d09b9afd0	no	0.998251379
19b650660b253761af189682e03501dd	no	0.994531393
1fc214004c9481e4c8073e85323bfd4b	no	0.998483479
3b3dbaf68507998acd6a5a5254ab2d76	no	0.998558819
ca8155f4d27f205953f9d3d7974bdd70	no	0.998760343
ede7e2b6d13a41ddf9f4bdef84fdc737	no	0.998691261
dd45045f8c68db9f54e70c67048d32e8	yes	0.894109309
49c9adb18e44be0711a94e827042f630	no	0.996531188
22fb0cee7e1f3bde58293de743871417	no	0.998645127
aeb3135b436aa55373822c010763dd54	no	0.98966521
43feaeeecd7b2fe2ae2e26d917b6477d	no	0.998668432
98d6f58ab0dafbb86b083a001561bb34	no	0.998559296
51ef186e18dc00c2d31982567235c559	yes	0.522111177
4b0a59ddf11c58e7446c9df0da541a84	no	0.807218
67d16d00201083a2b118dd5128dd6f59	no	0.9986009
352407221afb776e3143e8a1a0577885	no	0.998104692
dd8eb9f23fbd362da0e3f4e70b878c16	no	0.996221304
d516b13671a4179d9b7b458a6ebdeb92	no	0.998633444
1f50893f80d6830d62765ffad7721742	no	0.997596443
7504adad8bb96320eb3afdd4df6e1f60	yes	0.999080539
6c3cf77d52820cd0fe646d38bc2145ca	yes	0.999147058
210f760a89db30aa72ca258a3483cc7f	no	0.997644961
170c944978496731ba71f34c25826a34	no	0.998484433
0efe32849d230d7f53049ddc4a4b0c60	yes	0.852443457
704afe073992cbe4813cae2f7715336f	yes	0.993796229
7ce3284b743aefde80ffd9aec500e085	no	0.996737659
0a113ef6b61820daa5611c870ed8d5ee	no	0.998699069
07871915a8107172b3b5dc15a6574ad3	no	0.99856621
024d7f84fff11dd7e8d9c510137a2381	no	0.990656197
cfbce4c1d7c425baf21d6b6f2babe6be	no	0.998340964
c2aee86157b4a40b78132f1e71a9e6f1	yes	0.632045507
d56b9fc4b0f1be8871f5e1c40c0067e7	no	0.998373508
4b0250793549726d5c1ea3906726ebfe	no	0.98781091
20aee3a5f4643755a79ee5f6a73050ac	no	0.998642743
061412e4a03c02f9902576ec55ebbe77	no	0.994127274
5705e1164a8394aace6018e27d20d237	no	0.991857588
a64c94baaf368e1840a1324e839230de	no	0.996829689
01882513d5fa7c329e940dda99b12147	no	0.998231113
acf4b89d3d503d8252c9c4ba75ddbf6d	no	0.83614552
892c91e0a653ba19df81a90f89d99bcd	no	0.997995615
b6a1085a27ab7bff7550f8a3bd017df8	no	0.997145355
aa169b49b583a2b5af89203c2b78c67c	yes	0.999258697
f47d0ad31c4c49061b9e505593e3db98	no	0.998610139
f57a2f557b098c43f11ab969efe1504b	no	0.99849546
c8fbbc86abe8bd6a5eb6a3b4d0411301	no	0.989620149
621461af90cadfdaf0e8d4cc25129f91	no	0.971035063
8b6dd7db9af49e67306feb59a8bdc52c	no	0.89456892
a4300b002bcfb71f291dac175d52df94	no	0.63662225
e205ee2a5de471a70c1fd1b46033a75f	no	0.998626709
b56a18e0eacdf51aa2a5306b0f533204	no	0.975032926
2a9d121cd9c3a1832bb6d2cc6bd7a8a7	no	0.997780263
8b5040a8a5baf3e0e67386c2e3a9b903	no	0.998716116
7634ea65a4e6d9041cfd3f7de18e334a	no	0.998325765
24896ee4c6526356cc127852413ea3b4	yes	0.999297142
23ce1851341ec1fa9e0c259de10bf87c	no	0.995460331
da0d1111d2dc5d489242e60ebcbaf988	no	0.762548864
1e056d2b0ebd5c878c550da6ac5d3724	no	0.994330883
3e89ebdb49f712c7d90d1b39e348bbbf	no	0.998370826
6d0f846348a856321729a2f36734d1a7	no	0.922346115
430c3626b879b4005d41b8a46172e0c0	no	0.998439
ccc0aa1b81bf81e16c676ddb977c5881	no	0.997976482
c4015b7f368e6b4871809f49debe0579	no	0.994239807
bea5955b308361a1b07bc55042e25e54	no	0.997992754
7fa732b517cbed14a48843d74526c11a	no	0.99595046
cbb6a3b884f4f88b3a8e3d44c636cbd8	no	0.998147607
1f4477bad7af3616c1f933a02bfabe4e	no	0.991280138
d045c59a90d7587d8d671b5f5aec4e7c	no	0.953329444
0d0871f0806eae32d30983b62252da50	no	0.882156074
1cc3633c579a90cfdd895e64021e2163	no	0.99862051
9f53d83ec0691550f7d2507d57f4f5a2	no	0.991962612
d2ed45a52bc0edfa11c2064e9edee8bf	yes	0.999307752
043c3d7e489c69b48737cc0c92d0f3a2	yes	0.999271214
4daa3db355ef2b0e64b472968cb70f0d	no	0.99772054
e820a45f1dfc7b95282d10b6087e11c0	no	0.998505235
90794e3b050f815354e3e29e977a88ab	no	0.995492935
b7892fb3c2f009c65f686f6355c895b5	no	0.957272112
74bba22728b6185eec06286af6bec36d	no	0.991657257
3df1d4b96d8976ff5986393e8767f5b2	no	0.99234128
8d6dc35e506fc23349dd10ee68dabb64	no	0.997489214
92262bf907af914b95a0fc33c3f33bf6	no	0.998645723
b55ec28c52d5f6205684a473a2193564	yes	0.977199197
2f885d0fbe2e131bfc9d98363e55d1d4	no	0.998489738
64223ccf70bbb65a3a4aceac37e21016	no	0.998627782
4b6538a44a1dfdc2b83477cd76dee98e	no	0.998456359
c8c41c4a18675a74e01c8a20e8a0f662	no	0.99856782
c4b31ce7d95c75ca70d50c19aef08bf1	no	0.998424053
58e4d44e550d0f7ee0a23d6b02d9b0db	no	0.998655915
3cef96dcc9b8035d23f69e30bb19218a	no	0.998619318
a3d68b461bd9d3533ee1dd3ce4628ed4	yes	0.998707533
1c1d4df596d01da60385f0bb17a4a9e0	yes	0.998140335
e6cb2a3c14431b55aa50c06529eaa21b	no	0.998598874
9232fe81225bcaef853ae32870a2b0fe	no	0.998533964
6395ebd0f4b478145ecfbaf939454fa4	no	0.823706806
ef4e3b775c934dada217712d76f3d51f	no	0.998597682
168908dd3227b8358eababa07fcaf091	yes	0.998131335
2ba596643cbbbc20318224181fa46b28	no	0.978709042
d240e3d38a8882ecad8633c8f9c78c9b	no	0.990141213
0f840be9b8db4d3fbd5ba2ce59211f55	no	0.998645127
437d7d1d97917cd627a34a6a0fb41136	yes	0.999077082
d707329bece455a462b58ce00d1194c9	no	0.998664141
5c936263f3428a40227908d5a3847c0b	no	0.998444736
1ce927f875864094e3906a4a0b5ece68	no	0.998597801
8065d07da4a77621450aa84fee5656d9	no	0.994654298
eeb69a3cb92300456b6a5f4162093851	no	0.998348355
4e0cb6fb5fb446d1c92ede2ed8780188	no	0.998656392
6cfe0e6127fa25df2a0ef2ae1067d915	yes	0.99906
8f468c873a32bb0619eaeb2050ba45d1	no	0.887674391
e744f91c29ec99f0e662c9177946c627	no	0.998659611
89fcd07f20b6785b92134bd6c1d0fa42	no	0.998636782
6602294be910b1e3c4571bd98c4d5484	no	0.998733222
c22abfa379f38b5b0411bc11fa9bf92f	yes	0.999180734
ca75910166da03ff9d4655a0338e6b09	no	0.997413099
4311359ed4969e8401880e3c1836fbe1	no	0.993757486
92977ae4d2ba21425a59afb269c2a14e	yes	0.979666829
9c01802ddb981e6bcfbec0f0516b8e35	no	0.995190263
cc1aa436277138f61cda703991069eaf	no	0.828240514
2ab56412b1163ee131e1246da0955bd1	yes	0.930817246
c32d9bf27a3da7ec8163957080c8628e	yes	0.997532487
d79aac075930c83c2f1e369a511148fe	no	0.9986462
287e03db1d99e0ec2edb90d079e142f3	no	0.998353243
fec8d47d412bcbeece3d9128ae855a7a	no	0.998655915
6aab1270668d8cac7cef2566a1c5f569	no	0.998567939
d93ed5b6db83be78efb0d05ae420158e	no	0.99872452
54a367d629152b720749e187b3eaa11b	no	0.998317122
fe7ee8fc1959cc7214fa21c4840dff0a	no	0.998653173
df6d2338b2b8fce1ec2f6dda0a630eb0	no	0.978394508
9908279ebbf1f9b250ba689db6a0222b	yes	0.998202801
a1140a3d0df1c81e24ae954d935e8926	no	0.998650253
4fac9ba115140ac4f1c22da82aa0bc7f	no	0.998632371
692f93be8c7a41525c0baf2076aecfb4	no	0.770859599
860320be12a1c050cd7731794e231bd3	no	0.998610497
7b13b2203029ed80337f27127a9f1d28	no	0.998612285
934815ad542a4a7c5e8a2dfa04fea9f5	no	0.984838843
2bcab9d935d219641434683dd9d18a03	no	0.995681882
0b8aff0438617c055eb55f0ba5d226fa	no	0.517862916
ec5aa0b7846082a2415f0902f0da88f2	yes	0.959423244
9ab0d88431732957a618d4a469a0d4c3	no	0.846643925
b706835de79a2b4e80506f582af3676a	no	0.998659253
a9b7ba70783b617e9998dc4dd82eb3c5	no	0.998506606
