c4ca4238a0b923820dcc509a6f75849b	no	0.89898885
c81e728d9d4c2f636f067f89cc14862c	yes	0.853014684
eccbc87e4b5ce2fe28308fd9f2a7baf3	no	0.796322302
a87ff679a2f3e71d9181a67b7542122c	no	0.996780619
e4da3b7fbbce2345d7772b0674a318d5	no	0.601722114
1679091c5a880faf6fb5e6087eb1b2dc	yes	0.677027976
8f14e45fceea167a5a36dedd4bea2543	yes	0.533573607
c9f0f895fb98ab9159f51fd0297e236d	yes	0.601725588
45c48cce2e2d7fbdea1afc51c7c6ad26	yes	0.766483766
d3d9446802a44259755d38e6d163e820	no	0.906691749
6512bd43d9caa6e02c990b0a82652dca	no	0.506707105
c20ad4d76fe97759aa27a0c99bff6710	no	0.927599809
c51ce410c124a10e0db5e4b97fc2af39	yes	0.650263983
aab3238922bcc25a6f606eb525ffdc56	no	0.520125179
9bf31c7ff062936a96d3c8bd1f8f2ff3	no	0.59563698
c74d97b01eae257e44aa9d5bade97baf	yes	0.628363448
70efdf2ec9b086079795c442636b55fb	yes	0.542277113
6f4922f45568161a8cdf4ad2299f6d23	yes	0.711288529
1f0e3dad99908345f7439f8ffabdffc4	yes	0.694061613
98f13708210194c475687be6106a3b84	yes	0.831082315
3c59dc048e8850243be8079a5c74d079	no	0.663327724
b6d767d2f8ed5d21a44b0e5886680cb9	no	0.775403876
37693cfc748049e45d87b8c7d8b9aacd	no	0.823068455
1ff1de774005f8da13f42943881c655f	no	0.906692163
8e296a067a37563370ded05f5a3bf3ec	yes	0.827309541
4e732ced3463d06de0ca9a15b6153677	yes	0.503097914
02e74f10e0327ad868d138f2b4fdd6f0	no	0.537694363
33e75ff09dd601bbe69f351039152189	yes	0.585802929
6ea9ab1baa0efb9e19094440c317e21b	yes	0.595633705
34173cb38f07f89ddbebc2ac9128303f	yes	0.519806864
c16a5320fa475530d9583c34fd356ef5	yes	0.871912291
6364d3f0f495b6ab9dcf8d3b5c6e0b01	yes	0.954771948
182be0c5cdcd5072bb1864cdee4d3d6e	yes	0.505517347
e369853df766fa44e1ed0ff613f563bd	no	0.596252348
1c383cd30b7c298ab50293adfecb7b18	no	0.779379661
19ca14e7ea6328a42e0eb13d585e4c22	yes	0.794887801
a5bfc9e07964f8dddeb95fc584cd965d	no	0.693102995
a5771bce93e200c36f7cd9dfd0e5deaa	no	0.837239885
d67d8ab4f4c10bf22aa353e27879133c	yes	0.82959018
d645920e395fedad7bbbed0eca3fe2e0	yes	0.617236744
3416a75f4cea9109507cacd8e2f2aefc	yes	0.586822007
a1d0c6e83f027327d8461063f4ac58a6	no	0.634159165
17e62166fc8586dfa4d1bc0e1742c08b	no	0.529481107
f7177163c833dff4b38fc8d2872f1ec6	yes	0.954711646
6c8349cc7260ae62e3b1396831a8398f	no	0.966075898
d9d4f495e875a2e075a1a4a6e1b9770f	no	0.997729907
67c6a1e7ce56d3d6fa748ab6d9af3fd7	yes	0.558729905
642e92efb79421734881b53e1e1b18b6	no	0.906124661
f457c545a9ded88f18ecee47145a72c0	no	0.928590322
c0c7c76d30bd3dcaefc96f40275bdc0a	yes	0.659764069
2838023a778dfaecdc212708f721b788	no	0.827308979
9a1158154dfa42caddbd0694a4e9bdc8	no	0.551232231
d82c8d1619ad8176d665453cfb2e55f0	no	0.541961782
a684eceee76fc522773286a895bc8436	no	0.783285914
b53b3a3d6ab90ce0268229151c9bde11	no	0.566499164
9f61408e3afb633e50cdf1b20de6f466	yes	0.580220519
72b32a1f754ba1c09b3695e0cb6cde7f	yes	0.901622282
66f041e16a60928b05a7e228a89c3799	yes	0.596245242
093f65e080a295f8076b1c5722a46aa2	no	0.668653114
072b030ba126b2f4b2374f342be9ed44	yes	0.796325103
7f39f8317fbdb1988ef4c628eba02591	yes	0.810037929
44f683a84163b3523afe57c2e008bc8c	yes	0.779386843
03afdbd66e7929b125f8597834fa83a4	no	0.564470754
ea5d2f1c4608232e07d3aa3d998e5135	no	0.610345951
fc490ca45c00b1249bbe3554a4fdf6fb	yes	0.662160204
3295c76acbf4caaed33c36b1b5fc2cb1	yes	0.534051199
735b90b4568125ed6c3f678819b6e058	yes	0.700118452
a3f390d88e4c41f2747bfa2f1b5f87db	no	0.775394112
14bfa6bb14875e45bba028a21ed38046	yes	0.509101649
7cbbc409ec990f19c78c75bd1e06f215	no	0.759670617
e2c420d928d4bf8ce0ff2ec19b371514	yes	0.847375725
32bb90e8976aab5298d5da10fe66f21d	yes	0.676481064
d2ddea18f00665ce8623e36bd4e3c7c5	yes	0.847378666
ad61ab143223efbc24c7d2583be69251	yes	0.992767713
d09bf41544a3365a46c9077ebb5e35c3	no	0.821225467
fbd7939d674997cdb4692d34de8633c4	yes	0.69610708
28dd2c7955ce926456240b2ff0100bde	yes	0.638765899
35f4a8d465e6e1edc05f3d8ab658c551	no	0.966078218
d1fe173d08e959397adf34b1d77e88d7	no	0.906114007
f033ab37c30201f73f142449d037028d	no	0.54308775
43ec517d68b6edd3015b3edc9a11367b	no	0.744414608
9778d5d219c5080b9a6a17bef029331c	no	0.526237952
fe9fc289c3ff0af142b6d3bead98a923	no	0.65328892
68d30a9594728bc39aa24be94b319d21	yes	0.803496337
3ef815416f775098fe977004015c6193	no	0.713188678
93db85ed909c13838ff95ccfa94cebd9	yes	0.554100871
c7e1249ffc03eb9ded908c236bd1996d	yes	0.89204333
2a38a4a9316c49e5a833517c45d31070	yes	0.803486907
7647966b7343c29048673252e490f736	no	0.946380843
8613985ec49eb8f757ae6439e879bb2a	no	0.871399138
54229abfcfa5649e7003b83dd4755294	no	0.677228844
92cc227532d17e56e07902b254dfad10	no	0.801121113
98dce83da57b0395e163467c9dae521b	yes	0.688898729
f4b9ec30ad9f68f89b29639786cb62ef	no	0.938108542
812b4ba287f5ee0bc9d43bbf5bbe87fb	no	0.936535226
26657d5ff9020d2abefe558796b99584	no	0.614395433
e2ef524fbf3d9fe611d5a8e90fefdc9c	no	0.558603353
ed3d2c21991e3bef5e069713af9fa6ca	yes	0.659774435
ac627ab1ccbdb62ec96e702f07f6425b	no	0.97538612
f899139df5e1059396431415e770c6dd	yes	0.776717353
38b3eff8baf56627478ec76a704e9b52	yes	0.662165258
ec8956637a99787bd197eacd77acce5e	no	0.527941922
6974ce5ac660610b44d9b9fed0ff9548	yes	0.732022366
c9e1074f5b3f9fc8ea15d152add07294	yes	0.655623742
65b9eea6e1cc6bb9f0cd2a47751a186f	yes	0.628360467
f0935e4cd5920aa6c7c996a5ee53a70f	no	0.950153499
a97da629b098b75c294dffdc3e463904	yes	0.637519874
a3c65c2974270fd093ee8a9bf8ae7d0b	no	0.573393701
2723d092b63885e0d7c260cc007e8b9d	no	0.757585065
5f93f983524def3dca464469d2cf9f3e	yes	0.619123854
698d51a19d8a121ce581499d7b701668	yes	0.844350197
7f6ffaa6bb0b408017b62254211691b5	no	0.537700137
73278a4a86960eeb576a8fd4c9ec6997	no	0.594119881
5fd0b37cd7dbbb00f97ba6ce92bf5add	no	0.901617231
2b44928ae11fb9384c4cf38708677c48	yes	0.558722021
c45147dee729311ef5b5c3003946c48f	yes	0.999091422
eb160de1de89d9058fcb0b968dbbbd68	yes	0.505513497
5ef059938ba799aaa845e1c2e8a762bd	no	0.869424672
07e1cd7dca89a1678042477183b7ac3f	yes	0.564476344
da4fb5c6e93e74d3df8527599fa62642	yes	0.759660729
4c56ff4ce4aaf9573aa5dff913df997a	no	0.638101738
a0a080f42e6f13b3a2df133f073095dd	yes	0.856604772
202cb962ac59075b964b07152d234b70	yes	0.573380163
c8ffe9a587b126f152ed3d89a146b445	no	0.50670233
3def184ad8f4755ff269862ea77393dd	yes	0.56248773
069059b7ef840f0c74a814ec9237b6ec	no	0.922168297
ec5decca5ed3d6b8079e2e7e7bacc9f2	yes	0.925047619
76dc611d6ebaafc66cc0879c71b5db5c	no	0.881015713
d1f491a404d6854880943e5c3cd9ca25	no	0.922171709
9b8619251a19057cff70779273e95aa6	yes	0.892029155
1afa34a7f984eeabdbb0a7d494132ee5	no	0.898989889
65ded5353c5ee48d0b7d48c591b8f430	yes	0.579228071
9fc3d7152ba9336a670e36d0ed79bc43	no	0.634167464
02522a2b2726fb0a03bb19f2d8d9524d	yes	0.776713754
7f1de29e6da19d22b51c68001e7e0e54	yes	0.80113188
42a0e188f5033bc65bf8d78622277c4e	yes	0.943008026
3988c7f88ebcb58c6ce932b957b6f332	no	0.536672523
013d407166ec4fa56eb1e1f8cbe183b9	yes	0.55123389
e00da03b685a0dd18fb6a08af0923de0	yes	0.537602845
1385974ed5904a438616ff7bdb3f7439	yes	0.677574564
0f28b5d49b3020afeecd95b4009adf4c	yes	0.942998989
a8baa56554f96369ab93e4f3bb068c22	no	0.529484315
903ce9225fca3e988c2af215d4e544d3	yes	0.71070691
0a09c8844ba8f0936c20bd791130d6b6	yes	0.566498781
2b24d495052a8ce66358eb576b8912c8	no	0.698271638
a5e00132373a7031000fd987a3c9f87b	no	0.711111926
8d5e957f297893487bd98fa830fa6413	no	0.757583935
47d1e990583c9c67424d369f3414728e	yes	0.562486833
f2217062e9a397a1dca429e7d70bc6ca	no	0.735930542
7ef605fc8dba5425d6965fbd4c8fbe1f	no	0.993770657
a8f15eda80c50adb0e71943adc8015cf	yes	0.783283185
37a749d808e46495a8da1e5352d03cae	yes	0.73593121
b3e3e393c77e35a4a3f3cbd1e429b5dc	yes	0.591178061
1d7f7abc18fcb43975065399b0d1e48e	no	0.634882489
2a79ea27c279e471f4d180b08d62b00a	yes	0.575786008
1c9ac0159c94d8d0cbedc973445af2da	no	0.770673848
6c4b761a28b734fe93831e3fb400ce87	yes	0.698667173
06409663226af2f3114485aa4e0a23b4	yes	0.754297202
140f6969d5213fd0ece03148e62e461e	yes	0.668644418
b73ce398c39f506af761d2277d853a92	yes	0.982053562
bd4c9ab730f5513206b999ec0d90d1fb	no	0.821788827
82aa4b0af34c2313a562076992e50aa3	yes	0.601726965
0777d5c17d4066b82ab86dff8a46af6f	no	0.830262134
fa7cdfad1a5aaf8370ebeda47a1ff1c3	no	0.676477084
9766527f2b5d3e95d4a733fcfb77bd7e	no	0.77539312
7e7757b1e12abcb736ab9a754ffb617a	yes	0.694071353
5878a7ab84fb43402106c575658472fa	no	0.546839172
006f52e9102a8d3be2fe5614f42ba989	no	0.993759553
3636638817772e42b59d74cff571fbb3	yes	0.906685249
149e9677a5989fd342ae44213df68868	no	0.906124084
a4a042cf4fd6bfb47701cbc8a1653ada	yes	0.831415644
1ff8a7b5dc7a7d1f0ed65aaa29c04b1e	yes	0.902761894
f7e6c85504ce6e82442c770f7c8606f0	no	0.65328363
bf8229696f7a3bb4700cfddef19fa23f	yes	0.723207477
82161242827b703e6acf9c726942a1e4	yes	0.660338984
38af86134b65d0f10fe33d30dd76442e	yes	0.66216559
96da2f590cd7246bbde0051047b0d6f7	no	0.700104402
8f85517967795eeef66c225f7883bdcb	yes	0.598522967
8f53295a73878494e9bc8dd6c3c7104f	yes	0.754294803
045117b0e0a11a242b9765e79cbf113f	yes	0.812938486
fc221309746013ac554571fbd180e1c8	yes	0.87190267
4c5bde74a8f110656874902f07378009	yes	0.715863371
cedebb6e872f539bef8c3f919874e9d7	no	0.693212237
6cdd60ea0045eb7a6ec44c54d29ed402	no	0.595637177
eecca5b6365d9607ee5a9d336962c534	no	0.767987362
9872ed9fc22fc182d371c3e9ed316094	yes	0.612895785
31fefc0e570cb3860f2a6d4b38c6490d	no	0.691962229
9dcb88e0137649590b755372b040afad	no	0.59624903
a2557a7b2e94197ff767970b67041697	yes	0.655447573
cfecdb276f634854f3ef915e2e980c31	no	0.601728831
0aa1883c6411f7873cb83dacb17b0afc	no	0.890889736
58a2fc6ed39fd083f55d4182bf88826d	yes	0.535981009
bd686fd640be98efaae0091fa301e613	no	0.527943695
a597e50502f5ff68e3e25b9114205d4a	no	0.796320136
0336dcbab05b9d5ad24f4333c7658a0e	no	0.90669011
084b6fbb10729ed4da8c3d3f5a3ae7c9	yes	0.643238615
85d8ce590ad8981ca2c8286f79f59954	no	0.650258331
0e65972dce68dad4d52d063967f0a705	yes	0.847366895
84d9ee44e457ddef7f2c4f25dc8fa865	yes	0.760922472
3644a684f98ea8fe223c713b77189a77	yes	0.591777891
757b505cfd34c64c85ca5b5690ee5293	yes	0.953083424
854d6fae5ee42911677c739ee1734486	no	0.542279859
e2c0be24560d78c5e599c2a9c9d0bbd2	yes	0.547393505
274ad4786c3abca69fa097b85867d9a4	yes	0.821217553
eae27d77ca20db309e056e3d2dcd7d69	no	0.576159452
7eabe3a1649ffa2b3ff8c02ebfd5659f	no	0.855727347
69adc1e107f7f7d035d7baf04342e1ca	no	0.823063169
091d584fced301b442654dd8c23b3fc9	yes	0.827955824
b1d10e7bafa4421218a51b1e1f1b0ba2	yes	0.950155272
6f3ef77ac0e3619e98159e9b6febf557	yes	0.605581753
eb163727917cbba1eea208541a643e74	no	0.504633246
1534b76d325a8f591b52d302e7181331	yes	0.624486486
979d472a84804b9f647bc185a877a8b5	no	0.911252795
ca46c1b9512a7a8315fa3c5a946e8265	no	0.628366524
3b8a614226a953a8cd9526fca6fe9ba5	no	0.834033592
45fbc6d3e05ebd93369ce542e8f2322d	yes	0.803491647
63dc7ed1010d3c3b8269faf0ba7491d4	yes	0.739946758
e96ed478dab8595a7dbda4cbcbee168f	no	0.558726834
c0e190d8267e36708f955d7ab048990d	yes	0.759665835
ec8ce6abb3e952a85b8551ba726a1227	yes	0.595630468
060ad92489947d410d897474079c1477	no	0.530648168
bcbe3365e6ac95ea2c0343a2395834dd	no	0.999092729
115f89503138416a242f40fb7d7f338e	no	0.912212381
13fe9d84310e77f13a6d184dbf1232f3	yes	0.556110005
d1c38a09acc34845c6be3a127a5aacaf	no	0.776709744
9cfdf10e8fc047a44b08ed031e1f0ed1	no	0.571840475
705f2172834666788607efbfca35afb3	yes	0.844345611
74db120f0a8e5646ef5a30154e9f6deb	yes	0.537080651
57aeee35c98205091e18d1140e9f38cf	no	0.874864743
6da9003b743b65f4c0ccd295cc484e57	no	0.59624101
9b04d152845ec0a378394003c96da594	yes	0.575788845
be83ab3ecd0db773eb2dc1b0a17836a1	yes	0.757592735
e165421110ba03099a1c0393373c5b43	no	0.75636736
289dff07669d7a23de0ef88d2f7129e7	yes	0.533623198
577ef1154f3240ad5b9b413aa7346a1e	no	0.86744254
01161aaa0b6d1345dd8fe4e481144d84	yes	0.821784927
539fd53b59e3bb12d203f45a912eeaf2	yes	0.794883932
ac1dd209cbcc5e5d1c6e28598e8cbbe8	no	0.847374697
555d6702c950ecb729a966504af0a635	no	0.771243342
335f5352088d7d9bf74191e006d8e24c	no	0.510658804
f340f1b1f65b6df5b5e3f94d95b11daf	yes	0.54196756
e4a6222cdb5b34375400904f03d8e6a5	yes	0.506711227
cb70ab375662576bd1ac5aaf16b3fca4	yes	0.914531188
9188905e74c28e489b44e954ec0b9bca	yes	0.803494987
0266e33d3f546cb5436a10798e657d97	no	0.767946554
38db3aed920cf82ab059bfccbd02be6a	yes	0.551232097
3cec07e9ba5f5bb252d13f5f431e4bbb	yes	0.947012241
621bf66ddb7c962aa0d22ac97d69b793	yes	0.534044464
077e29b11be80ab57e1a2ecabb7da330	yes	0.536674775
6c9882bbac1c7093bd25041881277658	no	0.668654892
19f3cd308f1455b3fa09a282e0d496f4	yes	0.621748992
03c6b06952c750899bb03d998e631860	yes	0.8823038
c24cd76e1ce41366a4bbe8a49b02a028	no	0.506710316
c52f1bd66cc19d05628bd8bf27af3ad6	yes	0.90276175
fe131d7f5a6b38b23cc967316c13dae2	no	0.700106124
f718499c1c8cef6730f9fd03c8125cab	no	0.636570289
d96409bf894217686ba124d7356686c9	yes	0.694074423
502e4a16930e414107ee22b6198c578f	yes	0.744637202
cfa0860e83a4c3a763a7e62d825349f7	no	0.708588956
a4f23670e1833f3fdb077ca70bbd5d66	yes	0.537612272
b1a59b315fc9a3002ce38bbe070ec3f5	no	0.911064465
36660e59856b4de58a219bcf4e27eba3	yes	0.682819467
8c19f571e251e61cb8dd3612f26d5ecf	yes	0.507105446
d6baf65e0b240ce177cf70da146c8dc8	yes	0.711105389
e56954b4f6347e897f954495eab16a88	yes	0.856172326
f7664060cc52bc6f3d620bcedc94a4b6	yes	0.776710212
eda80a3d5b344bc40f3bc04f65b7a357	no	0.978761655
8f121ce07d74717e0b1f21d122e04521	yes	0.821215026
06138bc5af6023646ede0e1f7c1eac75	yes	0.868146585
39059724f73a9969845dfe4146c5660e	no	0.696105986
7f100b7b36092fb9b06dfb4fac360931	no	0.75759004
7a614fd06c325499f1680b9896beedeb	yes	0.735256629
4734ba6f3de83d861c3176a6273cac6d	yes	0.751580831
d947bf06a885db0d477d707121934ff8	no	0.694066021
63923f49e5241343aa7acb6a06a751e7	yes	0.792654208
db8e1af0cb3aca1ae2d0018624204529	yes	0.53357562
20f07591c6fcb220ffe637cda29bb3f6	yes	0.892040924
07cdfd23373b17c6b337251c22b7ea57	yes	0.67722423
d395771085aab05244a4fb8fd91bf4ee	no	0.506711725
92c8c96e4c37100777c7190b76d28233	yes	0.520123199
e3796ae838835da0b6f6ea37bcf8bcb7	yes	0.871915732
6a9aeddfc689c1d0e3b9ccc3ab651bc5	no	0.939075914
0f49c89d1e7298bb9930789c8ed59d48	yes	0.694075273
46ba9f2a6976570b0353203ec4474217	no	0.80113095
0e01938fc48a2cfb5f2217fbfb00722d	yes	0.936535548
16a5cdae362b8d27a1d8f8c7b78b4330	yes	0.720774905
918317b57931b6b7a7d29490fe5ec9f9	yes	0.693100587
48aedb8880cab8c45637abc7493ecddd	yes	0.634881908
839ab46820b524afda05122893c2fe8e	yes	0.896196938
f90f2aca5c640289d0a29417bcb63a37	yes	0.562485675
9c838d2e45b2ad1094d42f4ef36764f6	no	0.87191068
1700002963a49da13542e0726b7bb758	yes	0.994023004
53c3bce66e43be4f209556518c2fcb54	yes	0.796313197
6883966fd8f918a4aa29be29d2c386fb	yes	0.767976072
49182f81e6a13cf5eaa496d51fea6406	yes	0.655619965
d296c101daa88a51f6ca8cfc1ac79b50	no	0.954701732
9fd81843ad7f202f26c1a174c7357585	no	0.628371081
26e359e83860db1d11b6acca57d8ea88	no	0.596771036
ef0d3930a7b6c95bd2b32ed45989c61f	yes	0.796315803
94f6d7e04a4d452035300f18b984988c	yes	0.543080808
34ed066df378efacc9b924ec161e7639	yes	0.598519803
577bcc914f9e55d5e4e4f82f9f00e7d4	yes	0.871903262
11b9842e0a271ff252c1903e7132cd68	yes	0.684618745
37bc2f75bf1bcfe8450a1a41c200364c	yes	0.546897981
496e05e1aea0a9c4655800e8a7b9ea28	yes	0.99909261
b2eb7349035754953b57a32e2841bda5	yes	0.546843463
8e98d81f8217304975ccb23337bb5761	yes	0.855468766
a8c88a0055f636e4a163a5e3d16adab7	yes	0.688889935
eddea82ad2755b24c4e168c5fc2ebd40	yes	0.612889782
06eb61b839a0cefee4967c67ccb099dc	no	0.796316801
9dfcd5e558dfa04aaf37f137a1d9d3e5	no	0.537605256
950a4152c2b4aa3ad78bdd6b366cc179	yes	0.628359899
158f3069a435b314a80bdcb024f8e422	yes	0.58655755
758874998f5bd0c393da094e1967a72b	no	0.558716757
ad13a2a07ca4b7642959dc0c4c740ab6	yes	0.953093576
3fe94a002317b5f9259f82690aeea4cd	yes	0.558730901
5b8add2a5d98b1a652ea7fd72d942dac	no	0.83141455
432aca3a1e345e339f35a30c8f65edce	no	0.79713996
8d3bba7425e7c98c50f52ca1b52d3735	yes	0.551232055
320722549d1751cf3f247855f937b982	yes	0.55122971
caf1a3dfb505ffed0d024130f58c5cfa	no	0.576162587
5737c6ec2e0716f3d8a7a5c4e0de0d9a	yes	0.756976907
bc6dc48b743dc5d013b1abaebd2faed2	no	0.766493813
f2fc990265c712c49d51a18a32b39f0c	no	0.668646698
89f0fd5c927d466d6ec9a21b9ac34ffa	yes	0.57519876
a666587afda6e89aec274a3657558a27	yes	0.84476447
b83aac23b9528732c23cc7352950e880	no	0.650260245
cd00692c3bfe59267d5ecfac5310286c	yes	0.86942311
6faa8040da20ef399b63a72d0e4ab575	yes	0.598515737
fe73f687e5bc5280214e0486b273a5f9	yes	0.668647356
6da37dd3139aa4d9aa55b8d237ec5d4a	no	0.735918888
c042f4db68f23406c6cecf84a7ebb0fe	yes	0.558608948
310dcbbf4cce62f762a2aaa148d556bd	yes	0.57041862
2f2b265625d76a6704b08093c652fd79	yes	0.612891199
f9b902fc3289af4dd08de5d1de54f68f	no	0.75160297
6855456e2fe46a9d49d3d3af4f57443d	yes	0.663329776
357a6fdf7642bf815a88822c447d9dc4	no	0.923704945
819f46e52c25763a55cc642422644317	no	0.898991937
04025959b191f8f9de3f924f0940515f	yes	0.660331702
40008b9a5380fcacce3976bf7c08af5b	no	0.534303323
3dd48ab31d016ffcbf3314df2b3cb9ce	no	0.75428848
58238e9ae2dd305d79c2ebc8c1883422	yes	0.605579673
3ad7c2ebb96fcba7cda0cf54a2e802f5	yes	0.637520396
b3967a0e938dc2a6340e258630febd5a	yes	0.601729439
d81f9c1be2e08964bf9f24b15f0e4900	no	0.830268218
13f9896df61279c928f19721878fac41	yes	0.928594193
c5ff2543b53f4cc0ad3819a36752467b	no	0.53089621
01386bd6d8e091c2ab4c7c7de644d37b	yes	0.711019507
0bb4aec1710521c12ee76289d9440817	yes	0.94700801
9de6d14fff9806d4bcd1ef555be766cd	yes	0.537690767
efe937780e95574250dabe07151bdc23	no	0.691958297
371bce7dc83817b7893bcdeed13799b5	yes	0.906690568
138bb0696595b338afbab333c555292a	no	0.535992438
8dd48d6a2e2cad213179a3992c0be53c	no	0.88230197
82cec96096d4281b7c95cd7e74623496	yes	0.853023136
6c524f9d5d7027454a783c841250ba71	yes	0.628360534
fb7b9ffa5462084c5f4e7e85a093e6d7	yes	0.505509739
aa942ab2bfa6ebda4840e7360ce6e7ef	no	0.677031662
c058f544c737782deacefa532d9add4c	yes	0.684496723
e7b24b112a44fdd9ee93bdf998c6ca0e	yes	0.595626903
52720e003547c70561bf5e03b95aa99f	yes	0.992780662
c3e878e27f52e2a57ace4d9a76fd9acf	yes	0.700114323
00411460f7c92d2124a67ea0f4cb5f85	yes	0.519818902
bac9162b47c56fc8a4d2a519803d51b3	no	0.736246776
9be40cee5b0eee1462c82c6964087ff9	yes	0.529484611
5ef698cd9fe650923ea331c15af3b160	yes	0.700111341
05049e90fa4f5039a8cadc6acbb4b2cc	yes	0.744400889
cf004fdc76fa1a4f25f62e0eb5261ca3	yes	0.542270181
0c74b7f78409a4022a2c4c5a5ca3ee19	yes	0.783285005
d709f38ef758b5066ef31b18039b8ce5	no	0.638766168
41f1f19176d383480afa65d325c06ed0	yes	0.89089083
24b16fede9a67c9251d3e7c7161c83ac	no	0.59901987
ffd52f3c7e12435a724a8f30fddadd9c	yes	0.713195298
ad972f10e0800b49d76fed33a21f6698	yes	0.868140941
f61d6947467ccd3aa5af24db320235dd	no	0.676472035
142949df56ea8ae0be8b5306971900a4	yes	0.711299513
d34ab169b70c9dcd35e62896010cd9ff	yes	0.827946925
8bf1211fd4b7b94528899de0a43b9fb3	no	0.596250147
a02ffd91ece5e7efeb46db8f10a74059	no	0.896200444
bca82e41ee7b0833588399b1fcd177c7	yes	0.946384062
00ec53c4682d36f5c4359f4ae7bd7ba1	yes	0.585804877
4f6ffe13a5d75b2d6a3923922b3922e5	no	0.983006756
beed13602b9b0e6ecb5b568ff5058f07	yes	0.821222366
0584ce565c824b7b7f50282d9a19945b	yes	0.624496371
dc912a253d1e9ba40e2c597ed2376640	no	0.554092486
39461a19e9eddfb385ea76b26521ea48	no	0.954765624
8efb100a295c0c690931222ff4467bb8	no	0.823062784
d9fc5b73a8d78fad3d6dffe419384e70	no	0.70055127
c86a7ee3d8ef0b551ed58e354a836f2b	no	0.953094105
a01a0380ca3c61428c26a231f0e49a09	no	0.945111168
5a4b25aaed25c2ee1b74de72dc03c14e	no	0.912207527
f73b76ce8949fe29bf2a537cfa420e8f	yes	0.653282813
70c639df5e30bdee440e4cdf599fec2b	yes	0.57616676
28f0b864598a1291557bed248a998d4e	yes	0.794889273
1543843a4723ed2ab08e18053ae6dc5b	yes	0.847378393
f8c1f23d6a8d8d7904fc0ea8e066b3bb	yes	0.896077613
e46de7e1bcaaced9a54f1e9d0d2f800d	no	0.537085295
b7b16ecf8ca53723593894116071700c	no	0.541975306
352fe25daf686bdb4edca223c921acea	no	0.571848454
18d8042386b79e2c279fd162df0205c8	yes	0.596756957
816b112c6105b3ebd537828a39af4818	yes	0.856606849
69cb3ea317a32c4e6143e665fdb20b14	yes	0.999098658
bbf94b34eb32268ada57a3be5062fe7d	yes	0.534050371
4f4adcbf8c6f66dcfc8a3282ac2bf10a	no	0.803495687
bbcbff5c1f1ded46c25d28119a85c6c2	no	0.744643941
8cb22bdd0b7ba1ab13d742e22eed8da2	no	0.821222733
f4f6dce2f3a0f9dada0c2b5b66452017	yes	0.696108986
0d0fd7c6e093f7b804fa0150b875b868	yes	0.881018224
a96b65a721e561e1e3de768ac819ffbb	yes	0.850241112
1068c6e4c8051cfd4e9ea8072e3189e2	no	0.617238482
17d63b1625c816c22647a73e1482372b	yes	0.614395761
b9228e0962a78b84f3d5d92f4faa000b	no	0.527951408
0deb1c54814305ca9ad266f53bc82511	yes	0.638823172
66808e327dc79d135ba18e051673d906	yes	0.586554964
42e7aaa88b48137a16a1acd04ed91125	yes	0.914524302
8fe0093bb30d6f8c31474bd0764e6ac0	yes	0.60557647
41ae36ecb9b3eee609d05b90c14222fb	yes	0.537610439
d1f255a373a3cef72e03aa9d980c7eca	no	0.732020585
7eacb532570ff6858afd2723755ff790	yes	0.698655533
b6f0479ae87d244975439c6124592772	yes	0.923705294
e0c641195b27425bb056ac56f8953d24	yes	0.999093218
f85454e8279be180185cac7d243c5eb3	yes	0.509102744
faa9afea49ef2ff029a833cccc778fd0	yes	0.587721894
3c7781a36bcd6cf08c11a970fbe0e2a6	yes	0.59851739
25b2822c2f5a3230abfadd476e8b04c9	no	0.996792301
6ecbdd6ec859d284dc13885a37ce8d81	no	0.978760576
18997733ec258a9fcaf239cc55d53363	yes	0.751062124
8d7d8ee069cb0cbbf816bbb65d56947e	yes	0.636578974
75fc093c0ee742f6dddaa13fff98f104	yes	0.558726005
f74909ace68e51891440e4da0b65a70c	yes	0.928591841
66368270ffd51418ec58bd793f2d9b1b	no	0.950152039
248e844336797ec98478f85e7626de4a	yes	0.503108823
019d385eb67632a7e958e23f24bd07d7	no	0.947013774
a49e9411d64ff53eccfdd09ad10a15b3	yes	0.751586874
ddb30680a691d157187ee1cf9e896d03	yes	0.594188968
2421fcb1263b9530df88f7f002e78ea5	no	0.992776862
fccb60fb512d13df5083790d64c4d5dd	no	0.776704282
1651cf0d2f737d7adeab84d339dbabd3	yes	0.911069171
eed5af6add95a9a6f1252739b1ad8c24	yes	0.551238584
a8abb4bb284b5b27aa7cb790dc20f80b	no	0.844360331
15d4e891d784977cacbfcbb00c48f133	yes	0.882302874
c203d8a151612acf12457e4d67635a95	yes	0.757597417
13f3cf8c531952d72e5847c4183e6910	yes	0.677220376
550a141f12de6341fba65b0ad0433500	yes	0.74440136
67f7fb873eaf29526a11a9b7ac33bfac	no	0.612897647
1a5b1e4daae265b790965a275b53ae50	yes	0.536668543
9a96876e2f8f3dc4f3cf45f02c61c0c1	no	0.936523858
9b70e8fe62e40c570a322f1b0b659098	no	0.868133674
d61e4bbd6393c9111e6526ea173a7c8b	yes	0.785822836
f5f8590cd58a54e94377e6ae2eded4d9	yes	0.643234272
941e1aaaba585b952b62c14a3a175a61	no	0.953094013
9431c87f273e507e6040fcb07dcb4509	yes	0.537598459
49ae49a23f67c759bf4fc791ba842aa2	yes	0.594122557
e44fea3bec53bcea3b7513ccef5857ac	yes	0.896202697
821fa74b50ba3f7cba1e6c53e8fa6845	yes	0.655617335
250cf8b51c773f3f8dc8b4be867a9a02	yes	0.756974915
42998cf32d552343bc8e460416382dca	yes	0.598520913
d07e70efcfab08731a97e7b91be644de	yes	0.506707687
7fe1f8abaad094e0b5cb1b01d712f708	no	0.869425418
98b297950041a42470269d56260243a1	no	0.837244622
0353ab4cbed5beae847a7ff6e220b5cf	yes	0.554102647
51d92be1c60d1db1d2e5e7a07da55b26	no	0.63416658
428fca9bc1921c25c5121f9da7815cde	no	0.53431009
f1b6f2857fb6d44dd73c7041e0aa0f19	no	0.988018221
68ce199ec2c5517597ce0a4d89620f55	no	0.580224235
e836d813fd184325132fca8edcdfb40e	no	0.870946523
ab817c9349cf9c4f6877e1894a1faa00	no	0.566511088
877a9ba7a98f75b90a9d49f53f15a858	yes	0.612896551
dc6a6489640ca02b0d42dabeb8e46bb7	yes	0.547388936
26337353b7962f533d78c762373b3318	yes	0.737992269
8e6b42f1644ecb1327dc03ab345e618b	yes	0.596760036
ef575e8837d065a1683c022d2077d342	no	0.856610028
2050e03ca119580f74cca14cc6e97462	yes	0.57616705
25ddc0f8c9d3e22e03d3076f98d83cb2	yes	0.775394166
5ef0b4eba35ab2d6180b0bca7e46b6f9	no	0.69407388
598b3e71ec378bd83e0a727608b5db01	yes	0.586553284
74071a673307ca7459bcf75fbd024e09	yes	0.881017306
cfee398643cbc3dc5eefc89334cacdc1	yes	0.953086185
d18f655c3fce66ca401d5f38b48c89af	yes	0.808543716
6ea2ef7311b482724a9b7b0bc0dd85c6	yes	0.898991396
9461cce28ebe3e76fb4b931c35a169b0	no	0.966165517
f770b62bc8f42a0b66751fe636fc6eb0	no	0.735206808
e1e32e235eee1f970470a3a6658dfdd5	no	0.855721459
eba0dc302bcd9a273f8bbb72be3a687b	no	0.530893801
218a0aefd1d1a4be65601cc6ddc1520e	yes	0.711108142
7d04bbbe5494ae9d2f5a76aa1c00fa2f	no	0.923700916
a516a87cfcaef229b342c437fe2b95f7	no	0.939080135
c3c59e5f8b3e9753913f4d435b53c308	yes	0.813377665
854d9fca60b4bd07f9bb215d59ef5561	yes	0.871909396
c410003ef13d451727aeff9082c29a5c	yes	0.81003955
559cb990c9dffd8675f6bc2186971dc2	yes	0.576160602
55a7cf9c71f1c9c495413f934dd1a158	yes	0.684502955
2f55707d4193dc27118a0f19a1985716	no	0.668641147
1be3bc32e6564055d5ca3e5a354acbef	yes	0.975386248
35051070e572e47d2c26c241ab88307f	yes	0.605586291
b534ba68236ba543ae44b22bd110a1d6	yes	0.906125313
7380ad8a673226ae47fce7bff88e9c33	yes	0.530642522
05f971b5ec196b8c65b75d2ef8267331	yes	0.700118145
3cf166c6b73f030b4f67eeaeba301103	yes	0.796320966
cee631121c2ec9232f3a2f028ad5c89b	yes	0.698655786
5b69b9cb83065d403869739ae7f0995e	no	0.63487542
b5b41fac0361d157d9673ecb926af5ae	yes	0.605584354
285e19f20beded7d215102b49d5c09a0	yes	0.533628163
b337e84de8752b27eda3a12363109e80	no	0.558270015
e8c0653fea13f91bf3c48159f7c24f78	yes	0.947015113
ff4d5fbbafdf976cfdc032e3bde78de5	yes	0.684629274
2d6cc4b2d139a53512fb8cbb3086ae2e	no	0.947015129
389bc7bb1e1c2a5e7e147703232a88f6	no	0.830270031
e2230b853516e7b05d79744fbd4c9c13	yes	0.871406375
087408522c31eeb1f982bc0eaf81d35f	yes	0.677571589
a760880003e7ddedfef56acb3b09697f	no	0.64323734
10a7cdd970fe135cf4f7bb55c0e3b59f	yes	0.54684201
3dc4876f3f08201c7c76cb71fa1da439	no	0.771240553
59b90e1005a220e2ebc542eb9d950b1e	yes	0.925037659
2b8a61594b1f4c4db0902a8a395ced93	no	0.662162498
f3f27a324736617f20abbf2ffd806f6d	yes	0.88229849
38913e1d6a7b94cb0f55994f679f5956	yes	0.928594861
ebd9629fc3ae5e9f6611e2ee05a31cef	no	0.710707845
63538fe6ef330c13a05a3ed7e599d5f7	yes	0.767951661
cf67355a3333e6e143439161adc2d82e	yes	0.505905789
07563a3fe3bbe7e3ba84431ad9d055af	yes	0.868147492
53fde96fcc4b4ce72d7739202324cd49	no	0.770672158
2bb232c0b13c774965ef8558f0fbd615	yes	0.579224953
ba2fd310dcaa8781a9a652a31baf3c68	yes	0.797148117
69421f032498c97020180038fddb8e24	yes	0.982054132
85422afb467e9456013a2a51d4dff702	yes	0.759667548
13f320e7b5ead1024ac95c3b208610db	no	0.831410729
f4be00279ee2e0a53eafdaa94a151e2c	yes	0.698267966
37f0e884fbad9667e38940169d0a3c95	no	0.882308214
d64a340bcb633f536d56e51874281454	no	0.853017483
0fcbc61acd0479dc77e3cccc0f5ffca7	no	0.892039844
298f95e1bf9136124592c8d4825a06fc	no	0.682826502
df877f3865752637daa540ea9cbc474f	yes	0.599028796
c399862d3b9d6b76c8436e924a68c45b	no	0.62836805
33e8075e9970de0cfea955afd4644bb2	no	0.677023158
65658fde58ab3c2b6e5132a39fae7cb9	no	0.896196731
5ea1649a31336092c05438df996a3e59	no	0.535991956
7bcdf75ad237b8e02e301f4091fb6bc8	yes	0.720773714
5737034557ef5b8c02c0e46513b98f90	no	0.992781499
9b72e31dac81715466cd580a448cf823	no	0.547379651
16c222aa19898e5058938167c8ab6c57	yes	0.868137965
7dcd340d84f762eba80aa538b0c527f7	no	0.723213339
81448138f5f163ccdba4acc69819f280	no	0.624486666
97e8527feaf77a97fc38f34216141515	yes	0.85929071
647bba344396e7c8170902bcf2e15551	no	0.844769422
ed265bc903a5a097f61d3ec064d96d2e	yes	0.591180818
c75b6f114c23a4d7ea11331e7c00e73c	yes	0.896200682
8d34201a5b85900908db6cae92723617	yes	0.754472697
ccb1d45fb76f7c5a0bf619f979c6cf36	yes	0.897272693
01f78be6f7cad02658508fe4616098a9	yes	0.571843505
7f24d240521d99071c93af3917215ef7	yes	0.74441066
94c7bb58efc3b337800875b5d382a072	yes	0.821218532
f387624df552cea2f369918c5e1e12bc	yes	0.693212824
5e388103a391daabe3de1d76a6739ccd	no	0.548284083
15de21c670ae7c3f6f3f1f37029303c9	no	0.854191905
11b921ef080f7736089c757404650e40	no	0.596763178
6e2713a6efee97bacb63e52c54f0ada0	yes	0.596764802
1bb91f73e9d31ea2830a5e73ce3ed328	yes	0.711299537
3a0772443a0739141292a5429b952fe6	yes	0.554100662
a9a6653e48976138166de32772b1bf40	yes	0.715862667
58ae749f25eded36f486bc85feb3f0ab	yes	0.945110276
4e4b5fbbbb602b6d35bea8460aa8f8e5	yes	0.801122922
8eefcfdf5990e441f0fb6f3fad709e21	no	0.586561598
1728efbda81692282ba642aafd57be3a	no	0.856605364
cbcb58ac2e496207586df2854b17995f	yes	0.79999649
db85e2590b6109813dafa101ceb2faeb	yes	0.999090687
99c5e07b4d5de9d18c350cdf64c5aa3d	yes	0.751602561
dd458505749b2941217ddd59394240e8	yes	0.586556743
8b16ebc056e613024c057be590b542eb	yes	0.923691835
a86c450b76fb8c371afead6410d55534	no	0.562498782
c9892a989183de32e976c6f04e700201	no	0.537603754
e6b4b2a746ed40e1af829d1fa82daa10	yes	0.923698626
e5f6ad6ce374177eef023bf5d0c018b6	no	0.655447922
f0e52b27a7a5d6a1a87373dffa53dbe5	yes	0.98800886
ffeabd223de0d4eacb9a3e6e53e5448d	yes	0.76451652
a7aeed74714116f3b292a982238f83d2	yes	0.928593246
fde9264cf376fffe2ee4ddf4a988880d	no	0.558730735
a8849b052492b5106526b2331e526138	no	0.8960829
258be18e31c8188555c2ff05b4d542c3	yes	0.598511531
069d3bb002acd8d7dd095917f9efe4cb	no	0.760922839
c6e19e830859f2cb9f7c8f8cacb8d2a6	no	0.911243881
46922a0880a8f11f8f69cbb52b1396be	no	0.585813016
9ad6aaed513b73148b7d49f70afcfb32	yes	0.738005958
f5deaeeae1538fb6c45901d524ee2f98	no	0.551226679
a9a1d5317a33ae8cef33961c34144f84	no	0.57616596
605ff764c617d3cd28dbbdd72be8f9a2	no	0.966156448
766ebcd59621e305170616ba3d3dac32	no	0.928595404
daca41214b39c5dc66674d09081940f0	yes	0.668643755
30bb3825e8f631cc6075c0f87bb4978c	no	0.994809618
08b255a5d42b89b0585260b6f2360bdd	no	0.992773192
3493894fa4ea036cfc6433c3e2ee63b0	no	0.992777011
dbe272bab69f8e13f14b405e038deb64	yes	0.612888211
acc3e0404646c57502b480dc052c4fe1	yes	0.859288149
076a0c97d09cf1a0ec3e19c7f2529f2b	no	0.638824099
04ecb1fa28506ccb6f72b12c0245ddbc	no	0.855721757
b2eeb7362ef83deff5c7813a67e14f0a	no	0.727648538
08c5433a60135c32e34f46a71175850c	yes	0.914528253
6aca97005c68f1206823815f66102863	yes	0.95476585
3435c378bb76d4357324dd7e69f3cd18	yes	0.583597827
d490d7b4576290fa60eb31b5fc917ad1	no	0.58771753
b2f627fff19fda463cb386442eac2b3d	no	0.754483507
c3992e9a68c5ae12bd18488bc579b30d	no	0.647817366
d86ea612dec96096c5e0fcc8dd42ab6d	yes	0.660327148
9cf81d8026a9018052c429cc4e56739b	yes	0.834036977
c361bc7b2c033a83d663b8d9fb4be56e	no	0.74441398
44c4c17332cace2124a1a836d9fc4b6f	yes	0.751067278
dc82d632c9fcecb0778afbc7924494a6	no	0.744406868
996a7fa078cc36c46d02f9af3bef918b	yes	0.739954185
d7a728a67d909e714c0774e22cb806f2	no	0.516386642
00ac8ed3b4327bdd4ebbebcb2ba10a00	yes	0.530654841
8ebda540cbcc4d7336496819a46a1b68	yes	0.699534621
f76a89f0cb91bc419542ce9fa43902dc	no	0.756369647
f29c21d4897f78948b91f03172341b7b	yes	0.874869748
851ddf5058cf22df63d3344ad89919cf	yes	0.59418441
58d4d1e7b1e97b258c9ed0b37e02d087	no	0.533628831
7750ca3559e5b8e1f44210283368fc16	no	0.735928763
5d44ee6f2c3f71b73125876103c8f6c4	yes	0.716647817
eb6fdc36b281b7d5eabf33396c2683a2	yes	0.856181873
cdc0d6e63aa8e41c89689f54970bb35f	no	0.691964145
b73dfe25b4b8714c029b37a6ad3006fa	yes	0.953081399
85fc37b18c57097425b52fc7afbb6969	no	0.554102182
3871bd64012152bfb53fdf04b401193f	yes	0.568798646
a733fa9b25f33689e2adbe72199f0e62	no	0.617245779
48ab2f9b45957ab574cf005eb8a76760	yes	0.754295249
233509073ed3432027d48b1a83f5fbd2	yes	0.636567562
45645a27c4f1adc8a7a835976064a86d	no	0.890898655
185c29dc24325934ee377cfda20e414c	no	0.554100685
42e77b63637ab381e8be5f8318cc28a2	yes	0.576163917
051e4e127b92f5d98d3c79b195f2b291	yes	0.854196079
9cc138f8dc04cbf16240daa92d8d50e2	yes	0.856608489
b7bb35b9c6ca2aee2df08cf09d7016c2	yes	0.509094697
abd815286ba1007abfbb8415b83ae2cf	yes	0.605576725
26dd0dbc6e3f4c8043749885523d6a25	yes	0.973842543
6766aa2750c19aad2fa1b32f36ed4aee	no	0.601720812
6a10bbd480e4c5573d8f3af73ae0454b	no	0.700118545
c5ab0bc60ac7929182aadd08703f1ec6	yes	0.827953767
a532400ed62e772b9dc0b86f46e583ff	no	0.771246893
4c27cea8526af8cfee3be5e183ac9605	yes	0.947020774
0f96613235062963ccde717b18f97592	yes	0.906687423
4ffce04d92a4d6cb21c1494cdfcd6dc1	no	0.867431756
67e103b0761e60683e83c559be18d40c	yes	0.911068837
291597a100aadd814d197af4f4bab3a7	no	0.767950345
9b698eb3105bd82528f23d0c92dedfc0	yes	0.881014097
8c7bbbba95c1025975e548cee86dfadc	yes	0.821215232
5e9f92a01c986bafcabbafd145520b13	no	0.621739778
0ff39bbbf981ac0151d340c9aa40e63e	yes	0.881023354
303ed4c69846ab36c2904d3ba8573050	no	0.764517748
443cb001c138b2561a0d90720d6ce111	yes	0.756985367
55b37c5c270e5d84c793e486d798c01d	no	0.735250692
884d247c6f65a96a7da4d1105d584ddd	yes	0.785826995
55743cc0393b1cb4b8b37d09ae48d097	yes	0.912203797
30ef30b64204a3088a26bc2e6ecf7602	yes	0.698654221
eaae339c4d89fc102edd9dbdb6a28915	yes	0.698654221
ab233b682ec355648e7891e66c54191b	yes	0.53430852
3d2d8ccb37df977cb6d9da15b76c3f3a	no	0.971223869
26408ffa703a72e8ac0117e74ad46f33	yes	0.870941466
b4288d9c0ec0a1841b3b3728321e7088	no	0.975381008
2f37d10131f2a483a8dd005b3d14b0d9	yes	0.999099154
0ff8033cf9437c213ee13937b1c4c455	yes	0.643238365
68264bdb65b97eeae6788aa3348e553c	yes	0.537087169
3a066bda8c96b9478bb0512f0a43028c	yes	0.595641146
be3159ad04564bfb90db9e32851ebf9c	no	0.994029722
8757150decbd89b0f5442ca3db4d0e0e	no	0.882297543
2291d2ec3b3048d1a6f86c2c4591b7e0	yes	0.79265618
84117275be999ff55a987b9381e01f96	yes	0.677578583
fae0b27c451c728867a567e8c1bb4e53	yes	0.70117648
b5dc4e5d9b495d0196f61d45b26ef33e	yes	0.744635709
192fc044e74dffea144f9ac5dc9f3395	no	0.537606123
5c04925674920eb58467fb52ce4ef728	no	0.547381056
17c276c8e723eb46aef576537e9d56d0	yes	0.530887597
5dd9db5e033da9c6fb5ba83c7a7ebea9	no	0.855474843
2dea61eed4bceec564a00115c4d21334	yes	0.868136265
9f396fe44e7c05c16873b05ec425cbad	yes	0.910946497
0d7de1aca9299fe63f3e0041f02638a3	yes	0.546902776
8fecb20817b3847419bb3de39a609afe	yes	0.575204144
dc6a70712a252123c40d2adba6a11d84	yes	0.994798162
71a3cb155f8dc89bf3d0365288219936	no	0.598518053
9fe8593a8a330607d76796b35c64c600	no	0.89619459
ca9c267dad0305d1a6308d2a0cf1c39c	yes	0.855724678
fccb3cdc9acc14a6e70a12f74560c026	yes	0.576783185
1595af6435015c77a7149e92a551338e	no	0.741319018
08d98638c6fcd194a4b1e6992063e944	yes	0.978763586
24681928425f5a9133504de568f5f6df	no	0.682817415
556f391937dfd4398cbac35e050a2177	no	0.72642909
3328bdf9a4b9504b9398284244fe97c2	yes	0.856607709
109a0ca3bc27f3e96597370d5c8cf03d	no	0.684498324
7f5d04d189dfb634e6a85bb9d9adf21e	no	0.861292859
f79921bbae40a577928b76d2fc3edc2a	no	0.643245258
07a96b1f61097ccb54be14d6a47439b0	no	0.927609988
c06d06da9666a219db15cf575aff2824	no	0.596243451
10a5ab2db37feedfdeaab192ead4ac0e	no	0.720774794
e555ebe0ce426f7f9b2bef0706315e0c	yes	0.570410617
53e3a7161e428b65688f14b84d61c610	yes	0.547387726
5487315b1286f907165907aa8fc96619	no	0.583601231
e4bb4c5173c2ce17fd8fcd40041c068f	yes	0.61289309
0cb929eae7a499e50248a3a78f7acfc7	no	0.711019903
8a0e1141fd37fa5b98d5bb769ba1a7cc	no	0.530654298
99bcfcd754a98ce89cb86f73acc04645	no	0.847373474
afd4836712c5e77550897e25711e1d96	yes	0.844767409
e5841df2166dd424a57127423d276bbe	no	0.76649055
b4a528955b84f584974e92d025a75d1f	no	0.855718304
b1eec33c726a60554bc78518d5f9b32c	no	0.596759223
d6c651ddcd97183b2e40bc464231c962	yes	0.808544412
f64eac11f2cd8f0efa196f8ad173178e	no	0.663325042
4a47d2983c8bd392b120b627e0e1cab4	yes	0.736244931
9c82c7143c102b71c593d98d96093fde	yes	0.881013732
500e75a036dc2d7d2fec5da1b71d36cc	yes	0.516373718
ae0eb3eed39d2bcef4622b2499a05fe6	yes	0.530640596
1ecfb463472ec9115b10c292ef8bc986	no	0.599023686
e70611883d2760c8bbafb4acb29e3446	yes	0.7351993
6081594975a764c8e3a691fa2b3a321d	yes	0.803495382
19bc916108fc6938f52cb96f7e087941	yes	0.710698459
07c5807d0d927dcd0980f86024e5208b	no	0.533621347
d14220ee66aeec73c49038385428ec4c	yes	0.698665072
8df707a948fac1b4a0f97aa554886ec8	no	0.953085118
e7f8a7fb0b77bcb3b283af5be021448f	yes	0.813384793
788d986905533aba051261497ecffcbb	no	0.700651611
50c3d7614917b24303ee6a220679dab3	yes	0.519813451
2afe4567e1bf64d32a5527244d104cea	no	0.776702999
5f2c22cb4a5380af7ca75622a6426917	yes	0.94511207
aba3b6fd5d186d28e06ff97135cade7f	no	0.716644634
c8ed21db4f678f3b13b9d5ee16489088	yes	0.831084511
08419be897405321542838d77f855226	yes	0.98301684
7f1171a78ce0780a2142a6eb7bc4f3c8	yes	0.771244358
82f2b308c3b01637c607ce05f52a2fed	yes	0.770662074
0d3180d672e08b4c5312dcdafdf6ef36	no	0.568795148
fb89705ae6d743bf1e848c206e16a1d7	yes	0.767952968
d4c2e4a3297fe25a71d030b67eb83bfc	no	0.700552567
5751ec3e9a4feab575962e78e006250d	no	0.643240221
d5cfead94f5350c12c322b5b664544c1	no	0.558264447
59c33016884a62116be975a9bb8257e3	no	0.973836864
ba3866600c3540f67c1e9575e213be0a	yes	0.850244159
6c29793a140a811d0c45ce03c1c93a28	no	0.751617339
e995f98d56967d946471af29d7bf99f1	yes	0.53362477
6cd67d9b6f0150c77bda2eda01ae484c	no	0.547389998
6bc24fc1ab650b25b4114e93a98f1eba	no	0.576163478
a5cdd4aa0048b187f7182f1b9ce7a6a7	no	0.682824889
217eedd1ba8c592db97d0dbe54c7adfc	yes	0.586549773
df263d996281d984952c07998dc54358	no	0.571327351
edfbe1afcf9246bb0d40eb4d8027d90f	no	0.757590527
2e65f2f2fdaf6c699b223c61b1b5ab89	yes	0.910936239
e94550c93cd70fe748e6982b3439ad3b	no	0.771247589
5c572eca050594c7bc3c36e7e8ab9550	yes	0.586811906
0537fb40a68c18da59a35c2bfe1ca554	yes	0.638766644
5f0f5e5f33945135b874349cfbed4fb9	no	0.996789574
185e65bc40581880c4f2c82958de8cfe	no	0.50670101
8d317bdcf4aafcfc22149d77babee96d	yes	0.523562427
e49b8b4053df9505e1f48c3a701c0682	yes	0.99773245
b056eb1587586b71e2da9acfe4fbd19e	yes	0.896080821
b137fdd1f79d56c7edf3365fea7520f2	no	0.505917792
912d2b1c7b2826caf99687388d2e8f7c	yes	0.923701978
a1d33d0dfec820b41b54430b50e96b5c	no	0.720775986
6f2268bd1d3d3ebaabb04d6b5d099425	no	0.989667772
872488f88d1b2db54d55bc8bba2fad1b	no	0.503105986
ccb0989662211f61edae2e26d58ea92f	yes	0.751586437
2823f4797102ce1a1aec05359cc16dd9	yes	0.982042224
470e7a4f017a5476afb7eeb3f8b96f9b	yes	0.844766752
bf62768ca46b6c3b5bea9515d1a1fc45	yes	0.610337597
fa14d4fe2f19414de3ebd9f63d5c0169	yes	0.837238559
2ca65f58e35d9ad45bf7f3ae5cfd08f1	yes	0.939073542
88ae6372cfdc5df69a976e893f4d554b	yes	0.723211884
06997f04a7db92466a2baa6ebc8b872d	no	0.988013407
eefc9e10ebdc4a2333b42b2dbb8f27b6	yes	0.741329172
5807a685d1a9ab3b599035bc566ce2b9	yes	0.751607372
d840cc5d906c3e9c84374c8919d2074e	no	0.526233217
959a557f5f6beb411fd954f3f34b21c3	yes	0.69406289
f2201f5191c4e92cc5af043eebfd0946	no	0.605590618
3a835d3215755c435ef4fe9965a3f2a0	yes	0.855719198
288cc0ff022877bd3df94bc9360b9c5d	yes	0.713195478
4ea06fbc83cdd0a06020c35d50e1e89a	no	0.938104619
b7ee6f5f9aa5cd17ca1aea43ce848496	no	0.693218162
e57c6b956a6521b28495f2886ca0977a	yes	0.947019762
86b122d4358357d834a87ce618a55de0	no	0.946393404
4e0928de075538c593fbdabb0c5ef2c3	yes	0.684630375
c0f168ce8900fa56e57789e2a2f2c9d0	no	0.988015552
8c6744c9d42ec2cb9e8885b54ff744d0	no	0.76092057
f1c1592588411002af340cbaedd6fc33	no	0.619124855
e07413354875be01a996dc560274708e	yes	0.861294841
67d96d458abdef21792e6d8e590244e7	no	0.530645847
a8e864d04c95572d1aece099af852d0a	yes	0.871906613
7143d7fbadfa4693b9eec507d9d37443	no	0.614398065
72da7fd6d1302c0a159f6436d01e9eb0	yes	0.882307828
6e0721b2c6977135b916ef286bcb49ec	no	0.638095773
fc8001f834f6a5f0561080d134d53d29	yes	0.928599416
4b04a686b0ad13dce35fa99fa4161c65	no	0.874182153
61b4a64be663682e8cb037d9719ad8cd	yes	0.737995603
3621f1454cacf995530ea53652ddf8fb	yes	0.992777769
c15da1f2b5e5ed6e6837a3802f0d1593	yes	0.580219716
68053af2923e00204c3ca7c6a3150cf7	yes	0.796314315
2dace78f80bc92e6d7493423d729448e	no	0.732016967
df7f28ac89ca37bf1abd2f6c184fe1cf	yes	0.737996107
96ea64f3a1aa2fd00c72faacf0cb8ac9	no	0.700646706
da8ce53cf0240070ce6c69c48cd588ee	yes	0.748634429
82489c9737cc245530c7a6ebef3753ec	no	0.81292791
7c590f01490190db0ed02a5070e20f01	no	0.797134724
35cf8659cfcb13224cbd47863a34fc58	yes	0.571321394
beb22fb694d513edcf5533cf006dfeae	yes	0.628363693
9e3cfc48eccf81a0d57663e129aef3cb	no	0.810031212
28267ab848bcf807b2ed53c3a8f8fc8a	no	0.76794536
7a53928fa4dd31e82c6ef826f341daec	yes	0.625269725
1905aedab9bf2477edc068a355bba31a	yes	0.871411729
1141938ba2c2b13f5505d7c424ebae5f	no	0.853023402
1aa48fc4880bb0c9b8a3bf979d3b917e	yes	0.558729009
dc5689792e08eb2e219dce49e64c885b	yes	0.594128086
846c260d715e5b854ffad5f70a516c88	yes	0.677018617
d58072be2820e8682c0a27c0518e805e	no	0.60067745
6e7b33fdea3adc80ebd648fffb665bb8	yes	0.638818147
a8ecbabae151abacba7dbde04f761c37	no	0.551234274
32b30a250abd6331e03a2a1f16466346	yes	0.591773771
b6edc1cd1f36e45daf6d7824d7bb2283	yes	0.925040211
670e8a43b246801ca1eaca97b3e19189	yes	0.634167271
81e74d678581a3bb7a720b019f4f1a93	yes	0.877881368
e0cf1f47118daebc5b16269099ad7347	yes	0.711297275
96b9bff013acedfb1d140579e2fbeb63	no	0.50463043
71ad16ad2c4d81f348082ff6c4b20768	yes	0.579227989
43fa7f58b7eac7ac872209342e62e8f1	no	0.566500097
31839b036f63806cba3f47b93af8ccb5	yes	0.966158109
f0adc8838f4bdedde4ec2cfad0515589	no	0.556120911
3b5dca501ee1e6d8cd7b905f4e1bf723	no	0.587720127
e2a2dcc36a08a345332c751b2f2e476c	no	0.775402756
4558dbb6f6f8bb2e16d03b85bde76e2c	no	0.966158392
afda332245e2af431fb7b672a68b659d	no	0.523563458
632cee946db83e7a52ce5e8d6f0fed35	no	0.698261201
677e09724f0e2df9b6c000b75b5da10d	yes	0.74440856
d554f7bb7be44a7267068a7df88ddd20	yes	0.682823289
795c7a7a5ec6b460ec00c5841019b9e9	no	0.859287585
fa3a3c407f82377f55c19c5d403335c7	yes	0.859297677
c2626d850c80ea07e7511bbae4c76f4b	no	0.989659842
ce78d1da254c0843eb23951ae077ff5f	no	0.754474028
8e82ab7243b7c66d768f1b8ce1c967eb	yes	0.554100789
e0ec453e28e061cc58ac43f91dc2f3f0	no	0.754471475
7250eb93b3c18cc9daa29cf58af7a004	yes	0.834038744
013a006f03dbc5392effeb8f18fda755	yes	0.585806466
301ad0e3bd5cb1627a2044908a42fdc2	yes	0.874189309
4d5b995358e7798bc7e9d9db83c612a5	yes	0.868135878
ab88b15733f543179858600245108dd8	yes	0.533628198
b0b183c207f46f0cca7dc63b2604f5cc	yes	0.906115789
f9028faec74be6ec9b852b0a542e2f39	yes	0.668647485
8f7d807e1f53eff5f9efbe5cb81090fb	yes	0.897268497
fa83a11a198d5a7f0bf77a1987bcd006	yes	0.74863389
02a32ad2669e6fe298e607fe7cc0e1a0	yes	0.854187112
fc3cf452d3da8402bebb765225ce8c0e	no	0.771249534
3d8e28caf901313a554cebc7d32e67e5	yes	0.896205557
e97ee2054defb209c35fe4dc94599061	no	0.662161947
b86e8d03fe992d1b0e19656875ee557c	yes	0.700114127
84f7e69969dea92a925508f7c1f9579a	yes	0.954761705
f4552671f8909587cf485ea990207f3b	no	0.625270638
362e80d4df43b03ae6d3f8540cd63626	yes	0.874868178
fe8c15fed5f808006ce95eddb7366e35	no	0.510661998
1efa39bcaec6f3900149160693694536	yes	0.821213871
92fb0c6d1758261f10d052e6e2c1123c	yes	0.75966508
22ac3c5a5bf0b520d281c122d1490650	no	0.767950332
aff1621254f7c1be92f64550478c56e6	no	0.596765864
f7e9050c92a851b0016442ab604b0488	yes	0.854201512
addfa9b7e234254d26e9c7f2af1005cb	no	0.591185239
8c235f89a8143a28a1d6067e959dd858	no	0.867445293
847cc55b7032108eee6dd897f3bca8a5	yes	0.600668085
a67f096809415ca1c9f112d96d27689b	yes	0.708593703
2a084e55c87b1ebcdaad1f62fdbbac8e	yes	0.751054281
fc49306d97602c8ed1be1dfbf0835ead	no	0.856603943
f9a40a4780f5e1306c46f1c8daecee3b	yes	0.99908809
5ec91aac30eae62f4140325d09b9afd0	no	0.892041724
19b650660b253761af189682e03501dd	no	0.68282911
1fc214004c9481e4c8073e85323bfd4b	yes	0.586561181
3b3dbaf68507998acd6a5a5254ab2d76	no	0.720774352
ca8155f4d27f205953f9d3d7974bdd70	yes	0.507099679
ede7e2b6d13a41ddf9f4bdef84fdc737	yes	0.621742546
dd45045f8c68db9f54e70c67048d32e8	yes	0.537610977
49c9adb18e44be0711a94e827042f630	yes	0.801123795
22fb0cee7e1f3bde58293de743871417	yes	0.923697784
aeb3135b436aa55373822c010763dd54	yes	0.720766234
43feaeeecd7b2fe2ae2e26d917b6477d	yes	0.548291947
98d6f58ab0dafbb86b083a001561bb34	yes	0.735251375
51ef186e18dc00c2d31982567235c559	yes	0.533570235
4b0a59ddf11c58e7446c9df0da541a84	no	0.966301721
67d16d00201083a2b118dd5128dd6f59	no	0.598518208
352407221afb776e3143e8a1a0577885	yes	0.562495899
dd8eb9f23fbd362da0e3f4e70b878c16	yes	0.928595507
d516b13671a4179d9b7b458a6ebdeb92	no	0.844770072
1f50893f80d6830d62765ffad7721742	no	0.520114451
7504adad8bb96320eb3afdd4df6e1f60	no	0.994024061
6c3cf77d52820cd0fe646d38bc2145ca	no	0.617247174
210f760a89db30aa72ca258a3483cc7f	no	0.764523834
170c944978496731ba71f34c25826a34	no	0.612889569
0efe32849d230d7f53049ddc4a4b0c60	no	0.735928229
704afe073992cbe4813cae2f7715336f	no	0.99277333
7ce3284b743aefde80ffd9aec500e085	no	0.751613158
0a113ef6b61820daa5611c870ed8d5ee	yes	0.877877016
07871915a8107172b3b5dc15a6574ad3	no	0.693109775
024d7f84fff11dd7e8d9c510137a2381	no	0.855479874
cfbce4c1d7c425baf21d6b6f2babe6be	no	0.953093735
c2aee86157b4a40b78132f1e71a9e6f1	yes	0.754302
d56b9fc4b0f1be8871f5e1c40c0067e7	no	0.744404107
4b0250793549726d5c1ea3906726ebfe	yes	0.988015918
20aee3a5f4643755a79ee5f6a73050ac	no	0.57520013
061412e4a03c02f9902576ec55ebbe77	yes	0.954707039
5705e1164a8394aace6018e27d20d237	yes	0.576163907
a64c94baaf368e1840a1324e839230de	no	0.601726775
01882513d5fa7c329e940dda99b12147	no	0.570409295
acf4b89d3d503d8252c9c4ba75ddbf6d	yes	0.543085563
892c91e0a653ba19df81a90f89d99bcd	yes	0.605576096
b6a1085a27ab7bff7550f8a3bd017df8	no	0.906678561
aa169b49b583a2b5af89203c2b78c67c	yes	0.688890403
f47d0ad31c4c49061b9e505593e3db98	yes	0.711014304
f57a2f557b098c43f11ab969efe1504b	yes	0.947015101
c8fbbc86abe8bd6a5eb6a3b4d0411301	no	0.595640236
621461af90cadfdaf0e8d4cc25129f91	no	0.558598269
8b6dd7db9af49e67306feb59a8bdc52c	yes	0.736250681
a4300b002bcfb71f291dac175d52df94	no	0.882300783
e205ee2a5de471a70c1fd1b46033a75f	no	0.596246301
b56a18e0eacdf51aa2a5306b0f533204	no	0.983002607
2a9d121cd9c3a1832bb6d2cc6bd7a8a7	yes	0.637517392
8b5040a8a5baf3e0e67386c2e3a9b903	yes	0.868143661
7634ea65a4e6d9041cfd3f7de18e334a	no	0.554096143
24896ee4c6526356cc127852413ea3b4	yes	0.84737166
23ce1851341ec1fa9e0c259de10bf87c	no	0.738003268
da0d1111d2dc5d489242e60ebcbaf988	yes	0.700549235
1e056d2b0ebd5c878c550da6ac5d3724	no	0.53769171
3e89ebdb49f712c7d90d1b39e348bbbf	yes	0.896206993
6d0f846348a856321729a2f36734d1a7	no	0.803496948
430c3626b879b4005d41b8a46172e0c0	no	0.85023507
ccc0aa1b81bf81e16c676ddb977c5881	no	0.505523286
c4015b7f368e6b4871809f49debe0579	yes	0.776715465
bea5955b308361a1b07bc55042e25e54	no	0.59676045
7fa732b517cbed14a48843d74526c11a	yes	0.52948903
cbb6a3b884f4f88b3a8e3d44c636cbd8	no	0.996789733
1f4477bad7af3616c1f933a02bfabe4e	no	0.757587514
d045c59a90d7587d8d671b5f5aec4e7c	yes	0.586555561
0d0871f0806eae32d30983b62252da50	no	0.503110662
1cc3633c579a90cfdd895e64021e2163	no	0.783283332
9f53d83ec0691550f7d2507d57f4f5a2	yes	0.506711045
d2ed45a52bc0edfa11c2064e9edee8bf	no	0.923696472
043c3d7e489c69b48737cc0c92d0f3a2	no	0.837238156
4daa3db355ef2b0e64b472968cb70f0d	yes	0.676479099
e820a45f1dfc7b95282d10b6087e11c0	yes	0.69406891
90794e3b050f815354e3e29e977a88ab	yes	0.928594702
b7892fb3c2f009c65f686f6355c895b5	yes	0.580225681
74bba22728b6185eec06286af6bec36d	yes	0.653280315
3df1d4b96d8976ff5986393e8767f5b2	yes	0.992772692
8d6dc35e506fc23349dd10ee68dabb64	yes	0.871909066
92262bf907af914b95a0fc33c3f33bf6	no	0.81002914
b55ec28c52d5f6205684a473a2193564	no	0.527949548
2f885d0fbe2e131bfc9d98363e55d1d4	yes	0.744408566
64223ccf70bbb65a3a4aceac37e21016	no	0.796320227
4b6538a44a1dfdc2b83477cd76dee98e	yes	0.950152354
c8c41c4a18675a74e01c8a20e8a0f662	no	0.871399658
c4b31ce7d95c75ca70d50c19aef08bf1	no	0.628369991
58e4d44e550d0f7ee0a23d6b02d9b0db	no	0.554094628
3cef96dcc9b8035d23f69e30bb19218a	yes	0.844351005
a3d68b461bd9d3533ee1dd3ce4628ed4	no	0.925037584
1c1d4df596d01da60385f0bb17a4a9e0	no	0.856600289
e6cb2a3c14431b55aa50c06529eaa21b	no	0.55872741
9232fe81225bcaef853ae32870a2b0fe	no	0.579237524
6395ebd0f4b478145ecfbaf939454fa4	yes	0.536680906
ef4e3b775c934dada217712d76f3d51f	yes	0.881023661
168908dd3227b8358eababa07fcaf091	no	0.55123433
2ba596643cbbbc20318224181fa46b28	no	0.698259548
d240e3d38a8882ecad8633c8f9c78c9b	no	0.711112344
0f840be9b8db4d3fbd5ba2ce59211f55	no	0.698660864
437d7d1d97917cd627a34a6a0fb41136	yes	0.668649474
d707329bece455a462b58ce00d1194c9	yes	0.591173377
5c936263f3428a40227908d5a3847c0b	yes	0.634882077
1ce927f875864094e3906a4a0b5ece68	no	0.643248854
8065d07da4a77621450aa84fee5656d9	yes	0.70011025
eeb69a3cb92300456b6a5f4162093851	yes	0.546842711
4e0cb6fb5fb446d1c92ede2ed8780188	yes	0.715856641
6cfe0e6127fa25df2a0ef2ae1067d915	yes	0.547388472
8f468c873a32bb0619eaeb2050ba45d1	no	0.82121283
e744f91c29ec99f0e662c9177946c627	yes	0.655446402
89fcd07f20b6785b92134bd6c1d0fa42	yes	0.83141951
6602294be910b1e3c4571bd98c4d5484	no	0.855726583
c22abfa379f38b5b0411bc11fa9bf92f	yes	0.999093983
ca75910166da03ff9d4655a0338e6b09	no	0.660336375
4311359ed4969e8401880e3c1836fbe1	yes	0.911244073
92977ae4d2ba21425a59afb269c2a14e	no	0.537607992
9c01802ddb981e6bcfbec0f0516b8e35	yes	0.53065217
cc1aa436277138f61cda703991069eaf	no	0.739958954
2ab56412b1163ee131e1246da0955bd1	no	0.691966523
c32d9bf27a3da7ec8163957080c8628e	yes	0.598517585
d79aac075930c83c2f1e369a511148fe	no	0.533626477
287e03db1d99e0ec2edb90d079e142f3	no	0.890892666
fec8d47d412bcbeece3d9128ae855a7a	no	0.756366387
6aab1270668d8cac7cef2566a1c5f569	no	0.771242424
d93ed5b6db83be78efb0d05ae420158e	yes	0.612894328
54a367d629152b720749e187b3eaa11b	no	0.827945001
fe7ee8fc1959cc7214fa21c4840dff0a	yes	0.856177151
df6d2338b2b8fce1ec2f6dda0a630eb0	yes	0.767956143
9908279ebbf1f9b250ba689db6a0222b	no	0.95309114
a1140a3d0df1c81e24ae954d935e8926	yes	0.912210226
4fac9ba115140ac4f1c22da82aa0bc7f	no	0.792662993
692f93be8c7a41525c0baf2076aecfb4	no	0.576160607
860320be12a1c050cd7731794e231bd3	yes	0.682820931
7b13b2203029ed80337f27127a9f1d28	yes	0.537080672
934815ad542a4a7c5e8a2dfa04fea9f5	no	0.546902368
2bcab9d935d219641434683dd9d18a03	yes	0.720768626
0b8aff0438617c055eb55f0ba5d226fa	yes	0.605589732
ec5aa0b7846082a2415f0902f0da88f2	no	0.844759623
9ab0d88431732957a618d4a469a0d4c3	no	0.947015653
b706835de79a2b4e80506f582af3676a	yes	0.766491283
a9b7ba70783b617e9998dc4dd82eb3c5	no	0.744637764
